orthomap	organism	mirna	gene	log2FoldChange	pvalue	baseMean	bMctrl	bMtreat	padj	TShuman_tc++s	TSmouse_tc++s
ENSG00000157933|ENSMUSG00000029050	human	Mir-197-3p	SKI	-1.18656592855348	6.44998432895755e-62	847.105189000145	1177.45794169901	516.752436301278	1.2512969598177645e-59	-0.02	-0.02
ENSG00000084092|ENSMUSG00000036285	human	Mir-197-3p	NOA1	-1.16685509706788	1.20922606555875e-21	243.01158767263	336.640896926014	149.382278419246	2.345898567183975e-20	-0.054	
ENSG00000124120|ENSMUSG00000017679	human	Mir-197-3p	TTPAL	-1.19894302548941	6.888735749987481e-20	205.249690919278	286.337016024976	124.16236581358	1.214922486815974e-18	-0.79	-0.67
ENSG00000129484|ENSMUSG00000036023	human	Mir-197-3p	PARP2	-0.983371157402216	1.96439447722121e-19	333.538013485298	443.333643428182	223.742383542414	2.93148098908396e-18	-0.49	
ENSG00000211455|ENSMUSG00000001630	human	Mir-197-3p	STK38L	-0.594183391035103	4.01711707335933e-15	740.314157451215	890.849797642646	589.778517259785	3.8966035611585506e-14	-0.328	-0.313
ENSG00000114573|ENSMUSG00000052459	human	Mir-197-3p	ATP6V1A	-0.590932780922706	8.17148581427351e-12	685.105367263431	823.688738103389	546.521996423473	4.662553670497238e-11	-0.415	-0.443
ENSG00000103489|ENSMUSG00000030657	human	Mir-197-3p	XYLT1	-0.544875560028458	1.0976117366513898e-11	609.090846307397	722.949873053636	495.231819561158	5.914907691954712e-11	-0.19	-0.198
ENSG00000112144|ENSMUSG00000009828	human	Mir-197-3p	CILK1	-0.682327737014063	1.68892160992544e-11	335.782186826805	413.971278951344	257.593094702266	8.622389271724615e-11		-0.349
ENSG00000183742|ENSMUSG00000041886	human	Mir-197-3p	MACC1	-0.540606305994656	4.37254619562191e-11	715.463142806595	848.150596581779	582.775689031411	2.1750614408991037e-10	-0.15	-0.178
ENSG00000257093|ENSMUSG00000037172	human	Mir-197-3p	DENND11	-0.515768113122557	3.2739921748782603e-10	628.376135773456	739.695023713218	517.057247833694	1.5491572729911768e-09		-0.055
ENSG00000121957|ENSMUSG00000027883	human	Mir-197-3p	GPSM2	-0.624999935006653	3.95216777138621e-10	375.87978827791	456.261902318085	295.497674237736	1.8255251134498208e-09	-0.023	
ENSG00000107643|ENSMUSG00000021936	human	Mir-197-3p	MAPK8	-0.621155009142607	4.7037075678816e-10	438.473363002865	531.646493746032	345.300232259698	2.1221378329512335e-09	-0.32	-0.43
ENSG00000133056|ENSMUSG00000026447	human	Mir-197-3p	PIK3C2B	-0.613895219978919	1.6098821099554401e-09	356.391405294904	431.303015496766	281.479795093043	6.123865281006968e-09	-0.149	
ENSG00000163531|ENSMUSG00000026442	human	Mir-197-3p	NFASC	-0.716635623547786	5.57889132438932e-09	221.245047217108	275.335710751144	167.154383683072	1.9326873516634433e-08	-0.25	-0.02
ENSG00000130517|ENSMUSG00000056204	human	Mir-197-3p	PGPEP1	-0.653370618500528	8.56398886563845e-09	261.446230612933	319.879483297195	203.01297792867	2.8159556609048465e-08	-1.42	-0.529
ENSG00000197965|ENSMUSG00000026566	human	Mir-197-3p	MPZL1	-0.503926246510338	9.39772863986833e-09	544.869756668232	639.246949306411	450.492564030053	3.03859892689076e-08	-0.59	
ENSG00000177614|ENSMUSG00000050751	human	Mir-197-3p	PGBD5	-0.626556937464398	1.94225582968158e-08	272.852728520299	331.401941976893	214.303515063704	6.077381144487524e-08	-0.5	-0.39
	human	Mir-197-3p	DCLK1	-0.519698134041031	2.78509741427604e-08	472.158000568665	556.470455247113	387.845545890218	8.312444590300796e-08	-0.39	-0.38
ENSG00000205476|ENSMUSG00000084883	human	Mir-197-3p	CCDC85C	-0.564200986097732	5.9878806064362e-08	335.077756459883	399.968519353584	270.186993566183	1.613401163400865e-07	-0.222	-0.16
ENSG00000184408|ENSMUSG00000060882	human	Mir-197-3p	KCND2	-0.733282835372648	1.00833470800388e-07	174.269898644045	217.877582854201	130.662214433889	2.6796840185308596e-07	-0.214	-0.215
ENSG00000068383|ENSMUSG00000025477	human	Mir-197-3p	INPP5A	-0.717147698154578	2.04286374247588e-07	179.067291861276	222.922669842367	135.211913880186	5.080968795388727e-07	-0.567	-0.75
ENSG00000021826|ENSMUSG00000025991	human	Mir-197-3p	CPS1	-0.695028798951581	2.86567648567961e-07	183.621290254775	227.252004696996	139.990575812555	7.03723086356765e-07	-0.01	
ENSG00000173040|ENSMUSG00000050248	human	Mir-197-3p	EVC2	-0.641912528290082	3.94692501369957e-07	216.884745234888	264.573383697619	169.196106772157	9.337846983630691e-07	-0.138	-0.158
ENSG00000140455|ENSMUSG00000032376	human	Mir-197-3p	USP3	-0.689637373556425	4.41601041387551e-07	207.788902661114	256.762538424017	158.815266898211	1.0283945003024083e-06	-0.104	-0.157
ENSG00000135632|ENSMUSG00000033706	human	Mir-197-3p	SMYD5	-0.512391608138844	7.84935338215808e-07	312.132385189187	367.161632847631	257.103137530744	1.7706680885333344e-06	-0.03	-0.23
ENSG00000134698|ENSMUSG00000042500	human	Mir-197-3p	AGO4	-0.583700463980844	8.73659143818002e-07	261.962960468368	314.445126587136	209.4807943496	1.92602129432605e-06	-0.13	-0.1
ENSG00000112406|ENSMUSG00000039879	human	Mir-197-3p	HECA	-0.651326758269394	8.92797810401096e-07	199.657718095214	244.19874198703	155.116694203398	1.946098597952951e-06	-0.141	-0.228
ENSG00000104442|ENSMUSG00000027599	human	Mir-197-3p	ARMC1	-0.519260200593624	9.61143320588658e-07	373.872015461406	440.615709471647	307.128321451166	2.0717978243799963e-06	-0.331	-0.509
	human	Mir-197-3p	TCEANC2	-0.577863006824651	1.05306964356852e-06	261.41425505664	313.276959415404	209.551550697876	2.24500561376146e-06	-0.09	-0.11
ENSG00000141084|ENSMUSG00000037415	human	Mir-197-3p	RANBP10	-0.604507948756424	1.25938583698299e-06	235.133331071169	283.893466317948	186.373195824391	2.6271059395129037e-06	-0.01	-0.01
ENSG00000165025|ENSMUSG00000021457	human	Mir-197-3p	SYK	-0.623747130852695	1.50285578565042e-06	196.395223548478	238.414485972134	154.375961124821	3.0689897096440157e-06	-0.5	-0.4
ENSG00000067955|ENSMUSG00000031885	human	Mir-197-3p	CBFB	-0.585702826116869	2.05889761601033e-06	256.881598013656	308.521434239944	205.241761787369	4.11779523202066e-06	-0.2	-0.187
ENSG00000157851|ENSMUSG00000029168	human	Mir-197-3p	DPYSL5	-0.634846276772202	2.3769498345751e-06	198.515953920174	241.718746038712	155.313161801635	4.65576482612742e-06	-0.034	-0.042
ENSG00000146021|ENSMUSG00000014164	human	Mir-197-3p	KLHL3	-0.607929383586319	4.81427542091611e-06	186.740820804917	225.721263511655	147.760378098179	8.728686277175003e-06	-0.13	-0.038
ENSG00000103034|ENSMUSG00000036564	human	Mir-197-3p	NDRG4	-0.875541751625968	7.10246900735273e-06	86.9699471233743	112.873331299389	61.0665629473595	1.2413324211048917e-05	-0.3	-0.203
ENSG00000107882|ENSMUSG00000025231	human	Mir-197-3p	SUFU	-0.840560701869439	7.44610220493382e-06	102.911480892036	132.354356108928	73.4686056751441	1.2897712747831796e-05	-0.03	-0.032
ENSG00000137040|ENSMUSG00000074909	human	Mir-197-3p	RANBP6	-0.513093604800268	8.20693516141109e-06	265.484069201061	312.378265647851	218.589872754271	1.4089782489502223e-05	-0.199	
ENSG00000186469|ENSMUSG00000043004	human	Mir-197-3p	GNG2	-0.610746690615216	1.20275479484943e-05	178.607440074953	216.066932158905	141.147947991	1.9774104254304192e-05	-0.1	-0.02
	human	Mir-197-3p	AKAP5	-0.645192237756067	1.35935611616673e-05	152.574192468566	186.353278001448	118.795106935684	2.1976257211362134e-05	-0.38	-0.089
ENSG00000083799|ENSMUSG00000036712	human	Mir-197-3p	CYLD	-0.509663535754072	1.92026580678388e-05	262.456726072797	308.51463495531	216.398817190284	3.078773276992337e-05	-0.26	-0.34
ENSG00000156239|ENSMUSG00000044442	human	Mir-197-3p	N6AMT1	-0.602801835610679	2.20091124101391e-05	170.066181883876	205.293486793566	134.838876974185	3.471355941111371e-05	-0.149	
ENSG00000152932|ENSMUSG00000021700	human	Mir-197-3p	RAB3C	-0.648773957140855	2.37863209177533e-05	138.675073748517	169.561957640176	107.788189856857	3.691637006435312e-05	-0.01	-0.01
ENSG00000048052|ENSMUSG00000004698	human	Mir-197-3p	HDAC9	-0.655290201050487	2.84188957351199e-05	138.802946687221	170.018243311608	107.587650062834	4.30723888485411e-05	-0.01	
ENSG00000130589|ENSMUSG00000027580	human	Mir-197-3p	HELZ2	-0.601776098810933	3.98919280236264e-05	151.105459688337	182.376439060705	119.83448031597	5.9531031050642475e-05	-0.015	
ENSG00000157214|ENSMUSG00000015653	human	Mir-197-3p	STEAP2	-0.502673006664652	6.80152687817243e-05	249.221362323528	292.377504880835	206.065219766221	9.774046032336678e-05	-0.15	-0.021
ENSG00000152779|ENSMUSG00000009378	human	Mir-197-3p	SLC16A12	-0.56189050408949	0.0001048058181734	182.999782887084	218.385069899878	147.61449587429	0.00014218411696251469	-0.45	-0.59
ENSG00000136379|ENSMUSG00000038459	human	Mir-197-3p	ABHD17C	-0.511649374943483	0.0001651327774014	194.536602449553	228.851058453036	160.22214644607	0.00021645782983697028	-0.42	-0.443
ENSG00000143479|ENSMUSG00000016526	human	Mir-197-3p	DYRK3	-0.611317875810811	0.0003021515725829	123.218078070291	149.148910091342	97.2872460492412	0.0003831202946475987	-0.0	
ENSG00000185753|ENSMUSG00000044148	human	Mir-197-3p	CXORF38	-0.614713165794315	0.0003470366314033	122.769712251644	148.746207821355	96.7932166819331	0.00043435552575638833	-0.03	
ENSG00000204439|ENSMUSG00000043311	human	Mir-197-3p	C6ORF47	-0.532664702179947	0.0004255323829894	135.398267709646	160.29621380328	110.500321616012	0.0005258170847130166	-0.502	
ENSG00000178397|ENSMUSG00000083012	human	Mir-197-3p	FAM220A	-0.625468987929234	0.0008207872566278	111.929993709175	136.033582525118	87.8264048932321	0.0009592332999144169	-0.342	-0.91
ENSG00000141639|ENSMUSG00000024558	human	Mir-197-3p	MAPK4	-0.64019928510196	0.0011243535336119	83.5457348722083	102.002537455087	65.0889322893292	0.0012906780208325952	-0.096	
ENSG00000108963|ENSMUSG00000078789	human	Mir-197-3p	DPH1	-0.541916839209976	0.0016307001708206	110.134364694923	130.76495465564	89.5037747342064	0.0018392780996464907	-0.307	-0.239
ENSG00000181135|ENSMUSG00000034429	human	Mir-197-3p	ZNF707	-0.600001573916671	0.0016472781391959	86.3273921451345	104.229368162411	68.4254161278585	0.0018472367572485815	-0.168	
ENSG00000273274|ENSMUSG00000048485	human	Mir-197-3p	ZBTB8B	-0.590112144726104	0.0021260053085093	102.473393089089	123.345293506939	81.6014926712384	0.002343437669606842	-0.01	
ENSG00000064225|ENSMUSG00000022747	human	Mir-197-3p	ST3GAL6	-0.600871241501826	0.0026698004270403	88.5162631472521	106.892799332637	70.1397269618672	0.0029097824878978554	-0.02	-0.148
ENSG00000176749|ENSMUSG00000048895	human	Mir-197-3p	CDK5R1	-0.532305827681104	0.0029490489019059	111.130799320771	131.585514161839	90.6760844797026	0.003160859044031738	-0.084	-0.085
ENSG00000037757|ENSMUSG00000004996	human	Mir-197-3p	MRI1	-0.505822177265172	0.0031881328095413	102.633163648721	120.616689632535	84.6496376649073	0.0033432311624379037	-0.095	
ENSG00000171130|ENSMUSG00000039347	human	Mir-197-3p	ATP6V0E2	-0.529403442532343	0.0054971819219726	85.3110893361665	100.971869615669	69.6503090566642	0.005702958785361948	-0.12	-0.036
ENSG00000104967|ENSMUSG00000030411	human	Mir-197-3p	NOVA2	-0.522758882466807	0.0070830249566403	86.1660474673724	101.787755455365	70.5443394793803	0.007270406569249832	-0.03	-0.02
ENSG00000179542|ENSMUSG00000046699	human	Mir-197-3p	SLITRK4	-0.526373147598524	0.0085853805613718	87.3635096727633	103.306929934946	71.4200894105807	0.008720229470712718	-0.12	-0.125
ENSG00000075651|ENSMUSG00000027695	human	Mir-197-3p	PLD1	-0.538207933179015	0.0111580843910851	89.5005273551477	106.188376726038	72.8126779842576	0.0112158982998472	-0.507	
ENSG00000155097|ENSMUSG00000022295	human	Mir-769-5p	ATP6V1C1	-0.760817773639774	1.11018765639675e-22	607.151121058851	763.892170645814	450.410071471889	1.1434932860886525e-20	-0.37	-0.31
ENSG00000025039|ENSMUSG00000028278	human	Mir-769-5p	RRAGD	-0.825665564524479	1.25949836971968e-17	386.587308480883	494.5656502206	278.608966741167	4.324277736037568e-16	-0.07	
ENSG00000180011|ENSMUSG00000049090	human	Mir-769-5p	ZADH2	-0.83083486055409	5.86950329647605e-17	356.677075501341	456.913459040903	256.44069196178	1.511397098842583e-15	-0.31	-0.25
ENSG00000108064|ENSMUSG00000003923	human	Mir-769-5p	TFAM	-0.572876113819902	1.57892567118219e-16	787.084065585892	941.529141588363	632.638989583422	3.2525868826353114e-15	-0.59	-0.657
ENSG00000101849|ENSMUSG00000025246	human	Mir-769-5p	TBL1X	-0.582872060268851	3.91154734328357e-16	717.20935026339	860.351624938784	574.067075587996	6.714822939303462e-15	-0.303	-0.259
ENSG00000110841|ENSMUSG00000016487	human	Mir-769-5p	PPFIBP1	-0.802502362817052	1.7110887400569502e-15	345.835037681081	439.886253660615	251.783821701547	2.5177448603695127e-14	-0.68	
ENSG00000134954|ENSMUSG00000032035	human	Mir-769-5p	ETS1	-0.509442256934784	2.6676624930206502e-14	761.530848353355	894.780969109722	628.280727596987	3.4346154597640874e-13	-0.26	-0.25
ENSG00000133056|ENSMUSG00000026447	human	Mir-769-5p	PIK3C2B	-0.753232756980352	4.8594495393067405e-14	339.856390991638	426.869499329232	252.843282654044	5.260439858363615e-13	-0.15	-0.195
ENSG00000133895|ENSMUSG00000024947	human	Mir-769-5p	MEN1	-0.786596806814923	5.10722316345982e-14	314.647713325807	398.627425401201	230.668001250413	5.260439858363615e-13	-0.311	-0.333
ENSG00000198720|ENSMUSG00000037907	human	Mir-769-5p	ANKRD13B	-0.894068305033873	1.9734109270524698e-11	204.00077163253	265.564583959991	142.436959305068	1.69384437905337e-10	-0.04	-0.08
	human	Mir-769-5p	MARCHF8	-0.912807092683815	3.10936590967006e-11	197.309352739178	258.033110657578	136.585594820777	2.4635745284308933e-10		-0.4
ENSG00000104164|ENSMUSG00000005804	human	Mir-769-5p	BLOC1S6	-0.640184913358671	6.21429257303982e-11	377.316826919915	459.90369280604	294.72996103379	4.571943821593582e-10	-0.51	-0.04
ENSG00000071205|ENSMUSG00000037148	human	Mir-769-5p	ARHGAP10	-0.688043317606969	3.65293247150065e-10	278.167686881456	343.50364582802	212.831727934892	2.3515752785285436e-09	-0.43	-0.45
ENSG00000106348|ENSMUSG00000003500	human	Mir-769-5p	IMPDH1	-0.704368897392634	9.7023859371806e-10	247.85405819333	307.424586864172	188.283529522489	5.551920841831122e-09	-0.15	-0.51
ENSG00000237190|ENSMUSG00000020392	human	Mir-769-5p	CDKN2AIPNL	-0.868278425162911	7.418792231371931e-09	154.306172861445	199.679877867063	108.932467855827	3.322328694918734e-08	-1.17	
ENSG00000163590|ENSMUSG00000027784	human	Mir-769-5p	PPM1L	-0.554391998198025	7.893249686013721e-09	447.07533086187	532.123457451149	362.02720427259	3.3875196569142216e-08	-0.02	-0.02
ENSG00000134769|ENSMUSG00000024302	human	Mir-769-5p	DTNA	-0.637242308368798	1.43163655857022e-08	299.787922338681	365.157967453159	234.417877224203	4.9201029254375824e-08	-0.244	
ENSG00000111052|ENSMUSG00000019906	human	Mir-769-5p	LIN7A	-0.800640036926786	2.0494100069473e-08	160.041575692113	203.614885405921	116.468265978304	6.596538459861622e-08	-0.12	-0.091
ENSG00000078725|ENSMUSG00000028351	human	Mir-769-5p	BRINP1	-0.802827037538447	8.79063248808478e-08	145.223977401435	184.890759295211	105.557195507659	2.586957560779235e-07	-0.162	-0.172
ENSG00000154127|ENSMUSG00000032020	human	Mir-769-5p	UBASH3B	-0.665397418891517	1.69189014937838e-07	207.798877176686	255.114023012873	160.483731340499	4.84068570516592e-07	-0.039	
ENSG00000105514|ENSMUSG00000019066	human	Mir-769-5p	RAB3D	-0.729103122408544	4.44047778195184e-07	159.337175750031	199.011591365272	119.66276013479	1.1727415680539476e-06	-0.36	-0.32
ENSG00000165905|ENSMUSG00000040434	human	Mir-769-5p	LARGE2	-0.74429395737217	8.99791065438101e-07	138.35504837011	173.525414516257	103.184682223963	2.2129839580090203e-06		-0.343
ENSG00000196372|ENSMUSG00000033781	human	Mir-769-5p	ASB13	-0.789391526836043	9.02381808120183e-07	127.545851888128	161.86180619779	93.2298975784648	2.2129839580090203e-06	-0.265	-0.278
ENSG00000106688|ENSMUSG00000024935	human	Mir-769-5p	SLC1A1	-0.743000345093464	1.19885391184881e-06	140.910600674762	176.666358711963	105.154842637562	2.8716733237308707e-06		-0.033
ENSG00000134265|ENSMUSG00000024581	human	Mir-769-5p	NAPG	-0.517222255803658	1.26230811647364e-06	276.644472924153	325.887484056721	227.401461791584	2.9549485453814758e-06	-0.092	
ENSG00000100324|ENSMUSG00000022414	human	Mir-769-5p	TAB1	-0.549085627485971	3.00351616470634e-06	254.134299312447	302.108284034624	206.160314590269	6.447627516510759e-06	-0.29	
ENSG00000004766|ENSMUSG00000001376	human	Mir-769-5p	VPS50	-0.568218610762471	4.6231349431728e-06	206.508413411303	246.852763396825	166.164063425782	9.157363445130739e-06		-0.42
ENSG00000177570|ENSMUSG00000058656	human	Mir-769-5p	SAMD12	-0.642062850574135	6.41941210617914e-06	188.840619565324	230.400630321125	147.280608809523	1.2475461262951915e-05	-0.01	
ENSG00000076067|ENSMUSG00000040043	human	Mir-769-5p	RBMS2	-0.516917266750737	7.93910118344765e-06	257.797064907059	303.670805462447	211.923324351671	1.5143100405464964e-05	-0.01	
ENSG00000197971|ENSMUSG00000041607	human	Mir-769-5p	MBP	-0.506147101831255	9.4042768932409e-06	269.988162600211	317.04249999089	222.933825209531	1.761164581825114e-05	-0.21	-0.25
ENSG00000170653|ENSMUSG00000099083	human	Mir-769-5p	ATF7	-0.534626993123325	9.71848850845422e-06	215.953485274451	255.698477742735	176.208492806167	1.7875077078049727e-05	-0.067	-0.123
ENSG00000134762|ENSMUSG00000059898	human	Mir-769-5p	DSC3	-0.7932175505644	1.92644415582253e-05	106.00798963393	134.706038320308	77.3099409475511	3.363114373724078e-05	-0.49	-0.296
ENSG00000166946|ENSMUSG00000023572	human	Mir-769-5p	CCNDBP1	-0.559034042663236	2.84386531637887e-05	175.848478233226	209.689854106956	142.007102359496	4.8019365178200595e-05	-0.29	-0.307
ENSG00000049130|ENSMUSG00000019966	human	Mir-769-5p	KITLG	-0.542805151746709	4.06900209924104e-05	187.441390279829	222.478994938536	152.403785621121	6.548550253466049e-05	-0.15	
ENSG00000130635|ENSMUSG00000026837	human	Mir-769-5p	COL5A1	-0.568358157549157	4.15891175234798e-05	176.193016899221	210.651610677921	141.73442312052	6.590275546028338e-05	-0.23	-0.14
ENSG00000134897|ENSMUSG00000041684	human	Mir-769-5p	BIVM	-0.785431875726519	5.72958496392252e-05	83.3748709051902	105.791586017246	60.9581557931341	8.941625019454841e-05	-0.294	-0.29
ENSG00000140577|ENSMUSG00000030527	human	Mir-769-5p	CRTC3	-0.699625930793208	6.03721268697946e-05	109.499978170171	135.780096433145	83.2198599071961	9.281088160580363e-05	-0.198	-0.22
ENSG00000164118|ENSMUSG00000038215	human	Mir-769-5p	CEP44	-0.53222581511794	7.85340017244283e-05	177.896829029778	210.526096718899	145.267561340657	0.00011723191561762485	-0.39	-0.148
ENSG00000179331|ENSMUSG00000055069	human	Mir-769-5p	RAB39A	-0.607264603608459	0.0001018099284715	127.403118029774	154.03502216209	100.771213897457	0.00014980603760806428	-0.315	
ENSG00000107021|ENSMUSG00000039678	human	Mir-769-5p	TBC1D13	-0.518690036925836	0.0001140794847918	177.883593574472	209.698506252151	146.068680896793	0.00016549559061345632	-0.15	-0.11
ENSG00000148680|ENSMUSG00000024798	human	Mir-769-5p	HTR7	-0.64225453237639	0.0001700420178346	111.002294681654	135.528981221313	86.4756081419941	0.00023668010590491623	-1.68	-1.41
ENSG00000069702|ENSMUSG00000029287	human	Mir-769-5p	TGFBR3	-0.631324844119965	0.0001754712515953	110.819316249274	134.90234722266	86.7362852758887	0.00024098051885754532	-0.072	-0.08
ENSG00000158747|ENSMUSG00000041120	human	Mir-769-5p	NBL1	-0.594331587234766	0.0002674683636594	116.386586861358	140.229582333379	92.5435913893364	0.00035778235658335324	-0.204	-0.208
ENSG00000145087|ENSMUSG00000022829	human	Mir-769-5p	STXBP5L	-0.663254676010442	0.0002925570140973	108.711586195348	133.49562226204	83.927550128657	0.00038143509432939115	-0.15	-0.18
ENSG00000165959|ENSMUSG00000021097	human	Mir-769-5p	CLMN	-0.575482097219794	0.000560137249828	124.050888422195	148.666368747591	99.4354080967989	0.0006631509969228047	-0.01	-0.01
ENSG00000204991|ENSMUSG00000010154	human	Mir-769-5p	SPIRE2	-0.578687895537049	0.0009716503034207	101.337557748623	121.591333931217	81.0837815660292	0.001111999791692579	-0.17	
ENSG00000174206|ENSMUSG00000053684	human	Mir-769-5p	C12ORF66	-0.57323521476625	0.0011913416222906	107.983944140924	129.355156593938	86.6127316879096	0.0013337846423470848	-0.179	
ENSG00000184156|ENSMUSG00000056258	human	Mir-769-5p	KCNQ3	-0.522502272441188	0.0020248128890796	107.042702482128	126.396578603354	87.6888263609017	0.0022186779529276466	-0.04	-0.07
ENSG00000107882|ENSMUSG00000025231	human	Mir-769-5p	SUFU	-0.500973688497507	0.0052836467023685	111.643663304918	131.007151522826	92.2801750870104	0.005497127377211671	-0.06	-0.1
ENSG00000115561|ENSMUSG00000053119	human	Mir-769-5p	CHMP3	-0.542960332747137	0.0055810834314445	87.7642416541762	104.273114206283	71.2553691020692	0.0057485159343878345	-0.05	-0.257
	human	Mir-769-5p	ZNF385D	-0.512156041477708	0.0068842437278908	89.3550518848772	105.22671571375	73.4833880560043	0.0069517363134583565	-0.02	
ENSG00000168936|ENSMUSG00000019295	human	Mir-769-5p	TMEM129	-0.513835075110503	0.008395544709716	87.2126639307915	102.75774110614	71.6675867554427	0.008395544709716	-0.43	-0.223
ENSG00000198879|ENSMUSG00000061186	mouse	Mir-197-3p	SFMBT2	-1.02856242932655	3.36970451662669e-63	727.006732388588	976.060169438978	477.953295338198	3.639280877956825e-61	-0.03	-0.02
ENSG00000162433|ENSMUSG00000028527	mouse	Mir-197-3p	AK4	-1.08297867885977	1.4033254397860798e-36	319.110320456114	433.916786340405	204.303854571823	5.051971583229888e-35	-0.37	-0.38
ENSG00000173821|ENSMUSG00000070327	mouse	Mir-197-3p	RNF213	-0.511617601015523	3.3757569020035e-28	1400.30236640956	1646.2000825446	1154.40465027452	6.62875900757051e-27		-0.083
ENSG00000049245|ENSMUSG00000028955	mouse	Mir-197-3p	VAMP3	-1.26019675545708	3.77261504536386e-24	149.355123717507	211.143210807533	87.5670366274807	5.432565665323959e-23	-0.33	-0.36
ENSG00000163694|ENSMUSG00000070780	mouse	Mir-197-3p	RBM47	-0.789361265958305	6.32663014940358e-23	345.802772851335	438.380119471186	253.225426231484	8.540950701694834e-22		-0.01
ENSG00000114573|ENSMUSG00000052459	mouse	Mir-197-3p	ATP6V1A	-0.65481113061849	3.1655104666631e-20	512.57329680227	627.163268236327	397.983325368214	3.255953622853474e-19	-0.297	-0.308
ENSG00000066427|ENSMUSG00000021189	mouse	Mir-197-3p	ATXN3	-0.66843196591145	2.52206323125429e-19	449.976915837828	552.620963871223	347.332867804433	2.476207536140576e-18	-0.225	-0.21
ENSG00000154639|ENSMUSG00000022865	mouse	Mir-197-3p	CXADR	-0.863843222157125	2.9212084787100504e-19	250.528827038156	323.660815517272	177.39683855904	2.7433957887016124e-18	-0.4	-0.21
ENSG00000197905|ENSMUSG00000030353	mouse	Mir-197-3p	TEAD4	-0.935702978185384	3.5061768761324e-18	212.28455030235	279.123820857581	145.44527974712	2.611497259464132e-17		-0.177
ENSG00000171365|ENSMUSG00000004317	mouse	Mir-197-3p	CLCN5	-0.5534376949721	9.2120414738582e-17	583.634730298231	694.41647043695	472.852990159513	5.102053739367618e-16	-0.06	-0.037
ENSG00000109189|ENSMUSG00000054814	mouse	Mir-197-3p	USP46	-0.692970123216165	4.19596719097347e-16	308.076790211105	380.911270050678	235.242310371532	2.107741658721557e-15	-0.01	-0.018
ENSG00000173898|ENSMUSG00000067889	mouse	Mir-197-3p	SPTBN2	-0.590792289368855	7.51309224315485e-16	472.991353428659	568.70862065918	377.274086198138	3.6882452830032905e-15	-0.156	
ENSG00000126822|ENSMUSG00000052609	mouse	Mir-197-3p	PLEKHG3	-0.559555186315192	4.59062782415979e-15	440.512555361278	525.076347779309	355.948762943247	2.109735340464925e-14		-0.01
ENSG00000104442|ENSMUSG00000027599	mouse	Mir-197-3p	ARMC1	-0.597911978187205	5.98023527886656e-15	435.06716397322	524.157663754765	345.976664191676	2.6361853474187286e-14	-0.54	-0.47
ENSG00000104290|ENSMUSG00000007989	mouse	Mir-197-3p	FZD3	-0.781033006819983	4.18700955302084e-14	212.706823372886	269.181522477155	156.232124268618	1.7064038933066065e-13	-0.2	-0.13
ENSG00000161267|ENSMUSG00000046598	mouse	Mir-197-3p	BDH1	-1.00002965283632	1.61409820445348e-13	114.689769484901	153.254082803829	76.1254561659731	6.45639281781392e-13	-0.539	-0.504
ENSG00000083307|ENSMUSG00000022286	mouse	Mir-197-3p	GRHL2	-1.28258069748779	4.03501517590072e-13	75.3112132928909	107.16157760528	43.4608489805018	1.5846605054446463e-12	-0.239	-0.24
ENSG00000205476|ENSMUSG00000084883	mouse	Mir-197-3p	CCDC85C	-0.741104199644301	4.97780728414343e-13	235.795530295998	295.312714065786	176.278346526209	1.920011381026752e-12	-0.25	-0.2
ENSG00000078902|ENSMUSG00000025139	mouse	Mir-197-3p	TOLLIP	-0.614744975435735	5.58084631831497e-13	307.224526948298	371.917212697755	242.531841198841	2.114847025887778e-12	-0.196	-0.193
ENSG00000006459|ENSMUSG00000042599	mouse	Mir-197-3p	KDM7A	-0.520863559810761	5.77845580214989e-13	460.495166765427	542.909879457501	378.080454073352	2.151976643559269e-12	-0.04	-0.04
ENSG00000278845|ENSMUSG00000018882	mouse	Mir-197-3p	MRPL45	-0.700223271729522	6.01855522610704e-12	253.016077970823	313.478121507996	192.554034433651	1.9403103415509265e-11		-0.5
ENSG00000103160|ENSMUSG00000034189	mouse	Mir-197-3p	HSDL1	-0.878151007072107	8.210755388227609e-12	126.705132349749	164.414270355284	88.9959943442142	2.6081222997899462e-11		-0.156
ENSG00000138018|ENSMUSG00000075703	mouse	Mir-197-3p	SELENOI	-0.587039968711432	1.2663752756934198e-11	350.833736223665	421.443634384961	280.223838062369	3.9076722792825524e-11		-0.47
ENSG00000139044|ENSMUSG00000041372	mouse	Mir-197-3p	B4GALNT3	-0.515991420706856	2.0398928903081598e-11	388.628056498304	457.571481457221	319.684631539386	6.205871328261443e-11	-0.09	-0.129
ENSG00000188771|ENSMUSG00000032068	mouse	Mir-197-3p	PLET1	-1.104253955798	3.6776817144877594e-11	74.6031867152128	102.202471909571	47.0039015208541	1.0881907538758302e-10		-0.01
ENSG00000116199|ENSMUSG00000033557	mouse	Mir-197-3p	FAM20B	-0.575441971599643	8.09645359123942e-11	285.200997563938	341.534036765421	228.867958362455	2.2712129554645647e-10	-0.05	-0.15
ENSG00000173559|ENSMUSG00000026107	mouse	Mir-197-3p	NABP1	-0.536165284011664	9.12199023172607e-11	329.822492288165	390.598257698865	269.046726877464	2.526089602631835e-10	-0.01	-0.09
	mouse	Mir-197-3p	AU015836	-0.649711956280303	9.4282820344051e-11	230.572752118008	281.852916109614	179.292588126403	2.5778593916854447e-10		-0.241
ENSG00000183723|ENSMUSG00000096188	mouse	Mir-197-3p	CMTM4	-0.935265691005203	1.39307493706872e-10	350.440477074851	460.527121255964	240.353832893737	3.5400492518452175e-10	-0.09	-0.16
ENSG00000163898|ENSMUSG00000044626	mouse	Mir-197-3p	LIPH	-0.575496994340957	3.0966757673311004e-10	251.561614703485	301.278032390995	201.845197015976	7.270456149386061e-10	-0.13	-0.13
ENSG00000163785|ENSMUSG00000032547	mouse	Mir-197-3p	RYK	-0.503210726915017	3.96623237575033e-10	365.141770490087	428.357123085458	301.926417894716	9.211894550129799e-10	-0.285	-0.262
ENSG00000007541|ENSMUSG00000025728	mouse	Mir-197-3p	PIGQ	-0.685805996384621	6.34236100197848e-10	199.118162217919	245.806798664086	152.429525771753	1.4420526067656335e-09	-0.48	-0.47
ENSG00000134146|ENSMUSG00000057147	mouse	Mir-197-3p	DPH6	-0.50121435030797	2.3399588904666e-09	294.438877989224	345.248845753006	243.628910225442	5.105364851927127e-09		-0.0
ENSG00000108179|ENSMUSG00000021868	mouse	Mir-197-3p	PPIF	-0.63362997754802	2.47537049927912e-09	213.209293141157	259.507680910423	166.91090537189	5.346800278442899e-09	-0.0	-0.42
ENSG00000124588|ENSMUSG00000046949	mouse	Mir-197-3p	NQO2	-0.531121418771653	1.06828662285829e-08	241.130744999654	285.203743975876	197.057746023433	2.0788280228593752e-08		-0.113
ENSG00000158691|ENSMUSG00000036721	mouse	Mir-197-3p	ZSCAN12	-0.736270327847872	1.29936844376861e-08	129.152548620755	161.661282429312	96.6438148121979	2.505924855839462e-08		-0.26
ENSG00000100889|ENSMUSG00000040618	mouse	Mir-197-3p	PCK2	-0.555407428362448	3.48778055068554e-08	274.726986285406	327.155610314903	222.298362255909	6.330761335698123e-08		-0.131
ENSG00000135974|ENSMUSG00000010290	mouse	Mir-197-3p	AI597479	-0.555907969198068	3.54077758087544e-08	211.331119398287	251.74071867121	170.921520125364	6.373399645575793e-08		-0.4
ENSG00000124120|ENSMUSG00000017679	mouse	Mir-197-3p	TTPAL	-0.592682850273291	5.81697968609989e-08	174.003574547474	209.453569577639	138.553579517309	1.0298914854078495e-07	-0.22	-0.372
ENSG00000111843|ENSMUSG00000021361	mouse	Mir-197-3p	TMEM14C	-0.684250019532109	5.87632243612209e-08	135.367991547067	167.113828724355	103.622154369779	1.0316553338847768e-07	-0.31	-0.294
ENSG00000118523|ENSMUSG00000019997	mouse	Mir-197-3p	CCN2	-0.656420999506133	6.80279572848531e-08	139.440685637521	170.850667910322	108.03070336472	1.1755231018822615e-07		-0.15
ENSG00000188167|ENSMUSG00000079260	mouse	Mir-197-3p	TMPPE	-0.574094089190624	7.40268789812625e-08	211.877990615507	253.683237518467	170.072743712546	1.2590398314923387e-07	-0.02	-0.01
ENSG00000110881|ENSMUSG00000023017	mouse	Mir-197-3p	ASIC1	-0.851450931297108	8.83972768842733e-08	97.5248643841769	125.783102201706	69.2666265666478	1.4687547543848487e-07	-0.183	-0.2
ENSG00000013588|ENSMUSG00000046733	mouse	Mir-197-3p	GPRC5A	-0.77076473644965	1.98284082083306e-07	90.0493271271062	113.808576812701	66.2900774415111	3.037543385105964e-07	-0.223	
ENSG00000174032|ENSMUSG00000022003	mouse	Mir-197-3p	SLC25A30	-0.610231573381138	3.9189684423073e-07	149.712966573886	181.120399704698	118.305533443074	5.643314556922512e-07	-0.086	-0.066
ENSG00000149346|ENSMUSG00000027281	mouse	Mir-197-3p	SLX4IP	-0.54458030911564	3.91539086809898e-07	170.914587279915	202.981399925795	138.847774634034	5.643314556922512e-07	-0.244	-0.24
ENSG00000173275|ENSMUSG00000073176	mouse	Mir-197-3p	ZFP449	-0.590109700979205	5.28631458037648e-07	149.385379558892	179.719902568818	119.050856548965	7.561880459346488e-07		-0.35
ENSG00000157869|ENSMUSG00000029128	mouse	Mir-197-3p	RAB28	-0.691631436526148	9.32330507818415e-07	114.43442156811	141.586154877339	87.2826882588815	1.2826967496100486e-06	-0.55	-0.231
ENSG00000004468|ENSMUSG00000029084	mouse	Mir-197-3p	CD38	-0.680508175029668	1.45435564379042e-06	101.679845697399	125.45725907386	77.9024323209372	1.9511852115449114e-06		-0.126
ENSG00000119403|ENSMUSG00000026873	mouse	Mir-197-3p	PHF19	-0.564005862052991	1.52817828563437e-06	175.345990416288	209.38384964952	141.308131183055	2.0250706116381835e-06	-0.28	-0.22
ENSG00000163947|ENSMUSG00000021895	mouse	Mir-197-3p	ARHGEF3	-0.668458327997682	1.65647382984134e-06	114.795916418683	141.152507159978	88.4393256773873	2.181697239303228e-06	-0.52	-0.52
ENSG00000163788|ENSMUSG00000038145	mouse	Mir-197-3p	SNRK	-0.659355141734421	1.99788931306642e-06	100.850361792786	123.727870062396	77.9728535231763	2.5840963570200406e-06	-0.11	-0.11
ENSG00000153786|ENSMUSG00000031823	mouse	Mir-197-3p	ZDHHC7	-0.690653913368975	5.72936471183049e-06	87.7094017312281	108.546656969254	66.8721464932022	6.875237654196587e-06	-0.253	-0.236
ENSG00000107864|ENSMUSG00000039652	mouse	Mir-197-3p	CPEB3	-0.602809574486555	8.27291464566838e-06	108.429862038366	130.964808178413	85.894915898318	9.659186829537137e-06	-0.13	-0.13
ENSG00000214046|ENSMUSG00000044600	mouse	Mir-197-3p	SMIM7	-0.56703904973609	2.21666132712948e-05	128.692208959401	153.8563021637	103.528115755102	2.4808230396889518e-05	-0.08	-0.253
ENSG00000130287|ENSMUSG00000002341	mouse	Mir-197-3p	NCAN	-0.584177900942485	6.08268093293487e-05	103.63810972463	124.538414960695	82.7378044885656	6.472212224206561e-05	-0.023	-0.01
ENSG00000173809|ENSMUSG00000030491	mouse	Mir-197-3p	TDRD12	-0.510302920301376	6.54417103296502e-05	126.247956459432	148.520973866786	103.974939052078	6.929122270198257e-05		-0.01
ENSG00000161980|ENSMUSG00000038628	mouse	Mir-197-3p	POLR3K	-0.572128766487983	0.0001542079318846	103.963508596296	124.507628443908	83.4193887486853	0.0001609126245752348		-0.52
ENSG00000198517|ENSMUSG00000018143	mouse	Mir-197-3p	MAFK	-0.511784907876185	0.0002145179490092	124.437888405739	146.456525720432	102.419251091046	0.00022064703326660573	-0.02	-0.02
ENSG00000110090|ENSMUSG00000024900	mouse	Mir-769-5p	CPT1A	-0.741868307601125	1.68632256989136e-21	537.938372198593	650.128407105288	388.351658989667	2.5632103062348674e-20	-0.15	-0.17
ENSG00000156675|ENSMUSG00000031488	mouse	Mir-769-5p	RAB11FIP1	-0.595014192379802	4.27067759717572e-18	604.456776320947	707.004818573417	467.726053317655	4.6367356769336387e-17	-0.03	-0.04
ENSG00000163873|ENSMUSG00000001985	mouse	Mir-769-5p	GRIK3	-1.22351961663933	1.61061556524266e-17	156.536389273146	207.668914095068	88.3596895105834	1.669183403978757e-16	-0.051	-0.053
ENSG00000197905|ENSMUSG00000030353	mouse	Mir-769-5p	TEAD4	-0.978237548749136	1.73197279978818e-17	220.249168340531	279.427433403447	141.344814923309	1.716912166746544e-16	-0.313	-0.23
ENSG00000116675|ENSMUSG00000028528	mouse	Mir-769-5p	DNAJC6	-1.18169332143392	7.18062305879327e-17	144.929634708678	190.922439950331	83.6058943864735	6.296854066941791e-16	-0.051	-0.05
ENSG00000138439|ENSMUSG00000041040	mouse	Mir-769-5p	FAM117B	-0.631413132142241	1.02841575321593e-16	481.548558331454	567.982592655367	366.303179232903	8.651534841558836e-16	-0.224	-0.248
ENSG00000198792|ENSMUSG00000009035	mouse	Mir-769-5p	TMEM184B	-0.754309547402358	1.14878821551104e-14	308.893507206059	374.401620219012	221.549356522121	7.079019273959922e-14	-0.047	-0.016
ENSG00000142528|ENSMUSG00000048012	mouse	Mir-769-5p	ZFP473	-0.676829335088939	1.1432376417032701e-14	354.017436670851	421.883207715309	263.529741944907	7.079019273959922e-14		-0.18
ENSG00000109189|ENSMUSG00000054814	mouse	Mir-769-5p	USP46	-0.759736750122751	1.2212984876181501e-14	314.251400528821	381.333953648757	224.807996368906	7.327790925708901e-14	-0.165	-0.277
ENSG00000143315|ENSMUSG00000050229	mouse	Mir-769-5p	PIGM	-0.604169482480661	1.79761704931885e-14	485.368203257704	568.942071885647	373.936378420447	1.0509145826787123e-13	-0.35	-0.42
ENSG00000129244|ENSMUSG00000041329	mouse	Mir-769-5p	ATP1B2	-0.925811146317091	2.89628538032888e-14	218.770896131231	274.740090466813	144.145303683788	1.6106172358902065e-13	-0.113	-0.109
ENSG00000224470|ENSMUSG00000069895	mouse	Mir-769-5p	ATXN1L	-0.698523758060195	5.38120775335865e-14	367.238931703059	439.732710162572	270.580560423708	2.853291552943656e-13	-0.068	-0.072
ENSG00000167930|ENSMUSG00000024187	mouse	Mir-769-5p	FAM234A	-1.14559996630428	6.44343154885563e-14	128.844129911589	168.699039413577	75.7042505756038	3.264671984753519e-13		-0.47
ENSG00000151151|ENSMUSG00000060733	mouse	Mir-769-5p	IPMK	-0.504861658742581	7.53927655817174e-13	693.994322002196	794.684325214354	559.740984385985	3.4379101105263134e-12	-0.228	-0.78
ENSG00000125872|ENSMUSG00000043110	mouse	Mir-769-5p	LRRN4	-1.28543044166787	1.3888148240714598e-12	85.4259782447623	114.658826782936	46.4488468605306	6.208819213495938e-12		-0.18
ENSG00000156515|ENSMUSG00000037012	mouse	Mir-769-5p	HK1	-0.599817116241779	1.5460159266254899e-12	405.887114997165	475.32807352548	313.299170292744	6.778685216742533e-12		-0.101
ENSG00000142188|ENSMUSG00000022964	mouse	Mir-769-5p	TMEM50B	-1.18172580288039	6.41242538114166e-12	92.825361576079	122.397095421039	53.3963831161329	2.658241794364179e-11		-0.607
ENSG00000116005|ENSMUSG00000029998	mouse	Mir-769-5p	PCYOX1	-0.634045366146281	3.23603642062622e-11	302.806889957034	357.437884878259	229.9655633954	1.2095349244307837e-10	-0.07	-0.22
ENSG00000130829|ENSMUSG00000031383	mouse	Mir-769-5p	DUSP9	-0.50973400693893	1.0534873647383201e-10	534.776194063528	613.114805147498	430.324712618234	3.6918504573865455e-10	-0.095	-0.086
ENSG00000145103|ENSMUSG00000022900	mouse	Mir-769-5p	ILDR1	-0.953413390860973	1.2370374807583001e-10	123.439082215614	155.972039735726	80.0618055221327	4.2096200837745134e-10		-0.02
ENSG00000136100|ENSMUSG00000031479	mouse	Mir-769-5p	VPS36	-0.511135184787422	1.59212471767793e-10	444.554736318275	509.872706765429	357.464109055402	5.260933849718378e-10	-0.53	-0.44
ENSG00000113070|ENSMUSG00000024486	mouse	Mir-769-5p	HBEGF	-0.83158316001627	2.2242593660423e-10	171.303428897767	211.131520474095	118.199306795998	7.043487992467284e-10	-0.08	-0.069
ENSG00000172782|ENSMUSG00000044788	mouse	Mir-769-5p	FADS6	-0.639589185968278	2.82994924115138e-10	262.739834571834	310.555234979546	198.98596736155	8.603045693100195e-10		-0.01
ENSG00000108309|ENSMUSG00000006575	mouse	Mir-769-5p	RUNDC3A	-0.981254915107488	3.75620222929266e-10	110.991704926342	141.028325529785	70.942877455084	1.0979668054855468e-09		-0.0
ENSG00000110002|ENSMUSG00000023186	mouse	Mir-769-5p	VWA5A	-1.02638999608806	3.885114376904e-10	103.789805595494	133.031416782819	64.800990679061	1.1212735163722935e-09		-0.073
ENSG00000101350|ENSMUSG00000027475	mouse	Mir-769-5p	KIF3B	-0.560336351639242	2.5391465997603302e-09	304.4907957788	353.372296484371	239.315461504704	6.292667660275601e-09	-0.099	-0.099
ENSG00000149573|ENSMUSG00000032092	mouse	Mir-769-5p	MPZL2	-0.62882162321406	3.0348332457761202e-09	255.21513816454	300.931274416869	194.260289828102	7.440236344483392e-09		-0.116
ENSG00000170412|ENSMUSG00000051043	mouse	Mir-769-5p	GPRC5C	-1.10582941502951	4.35191930803919e-09	87.1278756941777	113.368910156006	52.1398297450727	1.0444606339294056e-08		-0.083
ENSG00000196422|ENSMUSG00000035829	mouse	Mir-769-5p	PPP1R26	-0.637861736847112	4.6620879804997206e-09	227.379327647855	268.678953913447	172.313159293733	1.0958309892308622e-08	-0.076	-0.026
ENSG00000179820|ENSMUSG00000068566	mouse	Mir-769-5p	MYADM	-0.534165396270559	1.71972425253611e-08	309.697525851613	357.201482147205	246.35891745749	3.7701647074830106e-08		-0.16
ENSG00000148154|ENSMUSG00000028381	mouse	Mir-769-5p	UGCG	-0.543048521677602	2.14961585416075e-08	298.52326920421	345.043509943832	236.496281551382	4.62370202593067e-08	-0.138	-0.122
ENSG00000073417|ENSMUSG00000025584	mouse	Mir-769-5p	PDE8A	-0.741087953878468	2.35163027163662e-08	154.094180870883	186.348531870339	111.088379538274	5.010950485356536e-08	-0.107	-0.107
ENSG00000132359|ENSMUSG00000038807	mouse	Mir-769-5p	RAP1GAP2	-0.665554047953098	3.33739433601548e-08	194.540688272412	231.338466957024	145.476983359598	6.793981326888655e-08	-0.02	-0.02
ENSG00000135956|ENSMUSG00000034850	mouse	Mir-769-5p	TMEM127	-0.524786133344333	1.29619762702638e-07	272.537782507214	313.659953911072	217.708220635403	2.4372449834138543e-07	-0.361	-0.327
ENSG00000124588|ENSMUSG00000046949	mouse	Mir-769-5p	NQO2	-0.568326236497414	1.35253941676804e-07	245.541909670453	285.524512503046	192.231772560328	2.507146235960269e-07		-0.183
ENSG00000198689|ENSMUSG00000060681	mouse	Mir-769-5p	SLC9A6	-0.586883674168839	1.38526148365302e-07	212.598019703545	248.308280289115	164.984338922785	2.5470936957491014e-07	-0.32	-0.14
ENSG00000114790|ENSMUSG00000036885	mouse	Mir-769-5p	ARHGEF26	-0.522978066089283	3.54435113379751e-07	249.129603344709	286.609126632027	199.156905628286	6.216246603891018e-07	-0.076	-0.084
ENSG00000166503|ENSMUSG00000025104	mouse	Mir-769-5p	HDGFL3	-0.604604414014497	3.6139758990131e-07	208.770779717368	244.840701287829	160.677550956754	6.289973320419747e-07		-0.11
ENSG00000129472|ENSMUSG00000022159	mouse	Mir-769-5p	RAB2B	-0.683533410006233	4.43326690697115e-07	145.702004259187	174.004914926157	107.964790036561	7.599886126236257e-07	-0.393	-0.91
ENSG00000167778|ENSMUSG00000036966	mouse	Mir-769-5p	SPRYD3	-0.65715536712477	6.48557955335735e-07	149.824272655695	177.871830040994	112.427529475296	1.0953423245670192e-06	-0.131	-0.128
ENSG00000160209|ENSMUSG00000032788	mouse	Mir-769-5p	PDXK	-0.6608935022442	7.51759706308967e-07	158.305554539816	188.088014116801	118.595608437169	1.242037775640902e-06	-0.02	-0.11
ENSG00000079337|ENSMUSG00000022469	mouse	Mir-769-5p	RAPGEF3	-0.637061743258996	8.40073583784572e-07	154.647708331456	182.761554925824	117.162579538965	1.348850542978045e-06	-0.062	-0.11
ENSG00000136044|ENSMUSG00000020263	mouse	Mir-769-5p	APPL2	-0.565073106876704	8.79796348488707e-07	205.961888611973	239.343407983597	161.453196116475	1.4027522199680085e-06	-0.33	-0.34
ENSG00000074590|ENSMUSG00000020032	mouse	Mir-769-5p	NUAK1	-0.671978707483112	9.41459962137981e-07	146.6924673044	174.736623749768	109.300258710575	1.4803646301204115e-06	-0.03	-0.03
ENSG00000087008|ENSMUSG00000029098	mouse	Mir-769-5p	ACOX3	-0.703731631315639	1.69176338166038e-06	122.296675039523	146.737878084852	89.7084043124176	2.55445066899713e-06		-0.186
ENSG00000129353|ENSMUSG00000057193	mouse	Mir-769-5p	SLC44A2	-0.527762463401406	3.16294600947923e-06	206.713346062052	238.108691677596	164.852885241327	4.564251203552306e-06		-0.03
ENSG00000175643|ENSMUSG00000037991	mouse	Mir-769-5p	RMI2	-0.788655915190902	3.69812340304069e-06	95.4060084974896	116.636969641588	67.0980603053586	5.30296940813382e-06	-0.31	-0.17
ENSG00000103005|ENSMUSG00000031792	mouse	Mir-769-5p	USB1	-0.772865420626568	4.50131332421617e-06	90.9140097148758	110.783304679495	64.4216164287163	6.414371487008042e-06	-0.225	-0.223
ENSG00000188917|ENSMUSG00000067369	mouse	Mir-769-5p	TRMT2B	-0.733285090120673	6.23548345930707e-06	99.9669598086928	120.760151357993	72.2427044096257	8.722025943079828e-06		-0.386
ENSG00000197324|ENSMUSG00000022175	mouse	Mir-769-5p	LRP10	-0.599978011290707	7.2850281613322e-06	157.456643250446	184.506326937447	121.390398334444	1.0127965980388669e-05	-0.098	-0.093
ENSG00000008283|ENSMUSG00000019590	mouse	Mir-769-5p	CYB561	-0.616793783016808	9.2692634985528e-06	136.735504053828	160.868863008633	104.557692114087	1.2579714748035944e-05	-0.19	-0.14
ENSG00000152782|ENSMUSG00000033610	mouse	Mir-769-5p	PANK1	-0.605045907911255	1.75282581317906e-05	128.721794409491	151.042722122411	98.9605574589322	2.2968062379587682e-05		-0.127
ENSG00000137486|ENSMUSG00000018909	mouse	Mir-769-5p	ARRB1	-0.627614523759178	2.08370506322543e-05	137.417144370153	162.070154957918	104.546463586466	2.6993451955420345e-05	-0.083	-0.093
ENSG00000196935|ENSMUSG00000020121	mouse	Mir-769-5p	SRGAP1	-0.609330365995068	3.62602941661503e-05	126.528046075645	148.618021480348	97.0747455360424	4.517675994471185e-05	-0.09	-0.09
ENSG00000112294|ENSMUSG00000035936	mouse	Mir-769-5p	ALDH5A1	-0.629711021405495	5.38336169299791e-05	106.224776848258	125.38219467689	80.6815530767487	6.5989594946426e-05		-0.125
ENSG00000006025|ENSMUSG00000038534	mouse	Mir-769-5p	OSBPL7	-0.506511995940599	6.57699361344521e-05	169.602563064566	194.396517449857	136.543957217512	8.019008255965283e-05		-0.056
ENSG00000123643|ENSMUSG00000020261	mouse	Mir-769-5p	SLC36A1	-0.685236057387362	7.94007449316104e-05	93.5599861527047	111.845615754659	69.1791466834323	9.578502563178396e-05	-0.341	-0.75
ENSG00000166821|ENSMUSG00000030545	mouse	Mir-769-5p	PEX11A	-0.715475835522668	9.06084558930515e-05	84.5950934001351	101.82552729836	61.6211815358356	0.00010704004115863079	-0.541	
ENSG00000144815|ENSMUSG00000075033	mouse	Mir-769-5p	NXPE3	-0.629495181665704	0.0001067362696904	104.347779796671	123.163777065703	79.2597834379618	0.00012479933071492925	-0.1	-0.088
ENSG00000196968|ENSMUSG00000039357	mouse	Mir-769-5p	FUT11	-0.632822719548733	0.0002745332356842	101.521238130194	119.923352027204	76.9850862675138	0.00030834274746796846	-0.269	-0.287
ENSG00000166924|ENSMUSG00000045348	mouse	Mir-769-5p	NYAP1	-0.542431005339023	0.0002847110364711	112.589647009943	130.21265180064	89.0923072890136	0.00031820645252652355	-0.02	-0.02
ENSG00000137312|ENSMUSG00000059714	mouse	Mir-769-5p	FLOT1	-0.532855996110523	0.0003063968530845	115.23662923266	132.96707003147	91.5960415009134	0.0003407730853817854	-0.33	-0.35
ENSG00000095383|ENSMUSG00000039813	mouse	Mir-769-5p	TBC1D2	-0.569862872650966	0.000324951874546	108.69799947366	126.533728924875	84.9170268720395	0.0003571001427839135	-0.26	-0.04
ENSG00000205363|ENSMUSG00000066607	mouse	Mir-769-5p	INSYN1	-0.516409886452469	0.0003257755688555	127.567364374678	146.600969867445	102.189223717655	0.0003571001427839135		-0.028
ENSG00000105948|ENSMUSG00000056832	mouse	Mir-769-5p	TTC26	-0.521078405319295	0.0006609668824583	129.838633905879	149.375598322695	103.78934801679	0.0006944721161313014	-0.27	-0.144
ENSG00000099953|ENSMUSG00000000901	mouse	Mir-769-5p	MMP11	-0.533572664890179	0.0009811389059945	99.9510786912128	115.369631321552	79.3930085174277	0.001003137536173749	-0.177	-0.19
