orthomap	organism	mirna	gene	log2FoldChange	pvalue	baseMean	bMctrl	bMtreat	padj	TShuman_tc++s
ENSG00000157933|ENSMUSG00000029050	human	mir197	SKI	-1.18656592855348	6.44998432895755e-62	847.105189000145	1177.45794169901	516.752436301278	1.2512969598177645e-59	-0.02
ENSG00000151012|ENSMUSG00000027737	human	mir197	SLC7A11	1.36605781751067	2.48882052741243e-56	684.048914634971	381.960001258412	986.13782801153	2.4141559115900568e-54	-0.01
ENSG00000163683|ENSMUSG00000037822	human	mir197	SMIM14	1.13650365180702	1.42772024400938e-29	488.205958877353	304.899428046339	671.512489708367	3.956824676254568e-28	-0.24
ENSG00000084092|ENSMUSG00000036285	human	mir197	NOA1	-1.16685509706788	1.20922606555875e-21	243.01158767263	336.640896926014	149.382278419246	2.3458985671839752e-20	-0.054
ENSG00000124120|ENSMUSG00000017679	human	mir197	TTPAL	-1.19894302548941	6.888735749987481e-20	205.249690919278	286.337016024976	124.16236581358	1.2149224868159741e-18	-0.79
ENSG00000143858|ENSMUSG00000026452	human	mir197	SYT2	0.743765406481031	9.219481217489301e-20	767.146647596546	573.413886649452	960.87940854364	1.4904827968274368e-18	-0.045
ENSG00000129484|ENSMUSG00000036023	human	mir197	PARP2	-0.983371157402216	1.96439447722121e-19	333.538013485298	443.333643428182	223.742383542414	2.93148098908396e-18	-0.49
ENSG00000204217|ENSMUSG00000067336	human	mir197	BMPR2	0.595931658611948	1.1640717214784e-18	1089.2529476304	867.226461460851	1311.27943379995	1.61307081404864e-17	-0.0
ENSG00000132294|ENSMUSG00000015002	human	mir197	EFR3A	0.517712975448603	2.63866934807661e-15	1022.52401571379	840.823252239486	1204.22477918809	2.694220281720328e-14	-0.042
ENSG00000211455|ENSMUSG00000001630	human	mir197	STK38L	-0.594183391035103	4.01711707335933e-15	740.314157451215	890.849797642646	589.778517259785	3.896603561158551e-14	-0.328
ENSG00000137962|ENSMUSG00000039831	human	mir197	ARHGAP29	0.855161151462952	1.09838450844829e-14	279.71456757628	198.870761312543	360.558373840018	1.0146980697093729e-13	-0.08
ENSG00000138756|ENSMUSG00000034663	human	mir197	BMP2K	0.618884642679942	2.32287373693756e-14	600.170258060243	473.16747113965	727.173044980836	2.048352295299485e-13	-0.193
ENSG00000163873|ENSMUSG00000001985	human	mir197	GRIK3	0.739829103766245	1.45746870609924e-13	434.647038784977	325.330057782545	543.96401978741	1.0874958807048177e-12	-0.151
ENSG00000177189|ENSMUSG00000031309	human	mir197	RPS6KA3	0.667380719889227	4.0658492694181006e-13	443.655027734939	342.603488699343	544.706566770534	2.8170527080968267e-12	-0.01
ENSG00000112078|ENSMUSG00000005936	human	mir197	KCTD20	0.555621186166104	7.40192919234336e-13	670.083352939267	542.431034826213	797.735671052321	4.786580877715373e-12	-0.04
ENSG00000114573|ENSMUSG00000052459	human	mir197	ATP6V1A	-0.590932780922706	8.17148581427351e-12	685.105367263431	823.688738103389	546.521996423473	4.662553670497238e-11	-0.415
ENSG00000118276|ENSMUSG00000056124	human	mir197	B4GALT6	0.560885026735161	9.66147176351109e-12	570.081262074132	460.447386949712	679.715137198551	5.355215777489004e-11	-0.01
ENSG00000103489|ENSMUSG00000030657	human	mir197	XYLT1	-0.544875560028458	1.0976117366513898e-11	609.090846307397	722.949873053636	495.231819561158	5.914907691954712e-11	-0.19
ENSG00000183742|ENSMUSG00000041886	human	mir197	MACC1	-0.540606305994656	4.37254619562191e-11	715.463142806595	848.150596581779	582.775689031411	2.175061440899104e-10	-0.15
ENSG00000121957|ENSMUSG00000027883	human	mir197	GPSM2	-0.624999935006653	3.95216777138621e-10	375.87978827791	456.261902318085	295.497674237736	1.8255251134498206e-09	-0.023
ENSG00000107643|ENSMUSG00000021936	human	mir197	MAPK8	-0.621155009142607	4.7037075678816e-10	438.473363002865	531.646493746032	345.300232259698	2.122137832951233e-09	-0.32
ENSG00000196581|ENSMUSG00000039546	human	mir197	AJAP1	0.612363100216729	5.8235968917699e-10	409.924218444362	324.000409639764	495.848027248961	2.567676811371274e-09	-0.05
ENSG00000184992|ENSMUSG00000037905	human	mir197	BRI3BP	0.518596012816733	6.00683223433518e-10	533.00249551601	438.045612722946	627.959378309073	2.589612118802277e-09	-0.02
ENSG00000133056|ENSMUSG00000026447	human	mir197	PIK3C2B	-0.613895219978919	1.60988210995544e-09	356.391405294904	431.303015496766	281.479795093043	6.123865281006968e-09	-0.149
ENSG00000163531|ENSMUSG00000026442	human	mir197	NFASC	-0.716635623547786	5.57889132438932e-09	221.245047217108	275.335710751144	167.154383683072	1.9326873516634436e-08	-0.25
ENSG00000130517|ENSMUSG00000056204	human	mir197	PGPEP1	-0.653370618500528	8.56398886563845e-09	261.446230612933	319.879483297195	203.01297792867	2.8159556609048465e-08	-1.42
ENSG00000197965|ENSMUSG00000026566	human	mir197	MPZL1	-0.503926246510338	9.39772863986833e-09	544.869756668232	639.246949306411	450.492564030053	3.03859892689076e-08	-0.59
ENSG00000177614|ENSMUSG00000050751	human	mir197	PGBD5	-0.626556937464398	1.94225582968158e-08	272.852728520299	331.401941976893	214.303515063704	6.077381144487524e-08	-0.5
	human	mir197	DCLK1	-0.519698134041031	2.78509741427604e-08	472.158000568665	556.470455247113	387.845545890218	8.312444590300796e-08	-0.39
ENSG00000018625|ENSMUSG00000007097	human	mir197	ATP1A2	0.848415242046866	3.10695902581907e-08	150.165407177997	106.955164212645	193.37565014335	9.132576530437872e-08	-0.01
ENSG00000170961|ENSMUSG00000022367	human	mir197	HAS2	0.599258353677729	3.69452438342968e-08	341.600203240004	271.452251425873	411.748155054135	1.0540260740961147e-07	-0.01
ENSG00000160712|ENSMUSG00000027947	human	mir197	IL6R	0.818061776399511	4.00996178109249e-08	166.688776904689	120.380096806154	212.997457003224	1.1274385297564393e-07	-0.21
ENSG00000205476|ENSMUSG00000084883	human	mir197	CCDC85C	-0.564200986097732	5.9878806064362e-08	335.077756459883	399.968519353584	270.186993566183	1.613401163400865e-07	-0.222
ENSG00000184408|ENSMUSG00000060882	human	mir197	KCND2	-0.733282835372648	1.00833470800388e-07	174.269898644045	217.877582854201	130.662214433889	2.67968401853086e-07	-0.214
ENSG00000153214|ENSMUSG00000014353	human	mir197	TMEM87B	0.738787429234527	1.49927378109015e-07	167.944494146409	125.608381837404	210.280606455415	3.809084755444613e-07	-0.01
ENSG00000068383|ENSMUSG00000025477	human	mir197	INPP5A	-0.717147698154578	2.04286374247588e-07	179.067291861276	222.922669842367	135.211913880186	5.080968795388727e-07	-0.567
ENSG00000021826|ENSMUSG00000025991	human	mir197	CPS1	-0.695028798951581	2.86567648567961e-07	183.621290254775	227.252004696996	139.990575812555	7.03723086356765e-07	-0.01
ENSG00000112394|ENSMUSG00000019838	human	mir197	SLC16A10	0.609048429480857	3.08258262695326e-07	240.572532233229	190.325420678714	290.819643787745	7.382975674431264e-07	-0.0
ENSG00000173040|ENSMUSG00000050248	human	mir197	EVC2	-0.641912528290082	3.94692501369957e-07	216.884745234888	264.573383697619	169.196106772157	9.337846983630692e-07	-0.138
ENSG00000140455|ENSMUSG00000032376	human	mir197	USP3	-0.689637373556425	4.41601041387551e-07	207.788902661114	256.762538424017	158.815266898211	1.0283945003024085e-06	-0.104
ENSG00000119899|ENSMUSG00000049624	human	mir197	SLC17A5	0.652850267628237	4.45284216625785e-07	196.347028737512	152.441840630983	240.252216844041	1.0283945003024085e-06	-0.06
ENSG00000135632|ENSMUSG00000033706	human	mir197	SMYD5	-0.512391608138844	7.84935338215808e-07	312.132385189187	367.161632847631	257.103137530744	1.7706680885333344e-06	-0.03
ENSG00000180616|ENSMUSG00000047904	human	mir197	SSTR2	0.624696549203009	8.50552955720744e-07	231.514792419767	181.946637882435	281.082946957098	1.896635326549705e-06	-0.0
ENSG00000134698|ENSMUSG00000042500	human	mir197	AGO4	-0.583700463980844	8.73659143818002e-07	261.962960468368	314.445126587136	209.4807943496	1.92602129432605e-06	-0.13
ENSG00000112406|ENSMUSG00000039879	human	mir197	HECA	-0.651326758269394	8.92797810401096e-07	199.657718095214	244.19874198703	155.116694203398	1.946098597952951e-06	-0.141
ENSG00000104442|ENSMUSG00000027599	human	mir197	ARMC1	-0.519260200593624	9.61143320588658e-07	373.872015461406	440.615709471647	307.128321451166	2.0717978243799963e-06	-0.331
	human	mir197	TCEANC2	-0.577863006824651	1.05306964356852e-06	261.41425505664	313.276959415404	209.551550697876	2.24500561376146e-06	-0.09
ENSG00000141084|ENSMUSG00000037415	human	mir197	RANBP10	-0.604507948756424	1.25938583698299e-06	235.133331071169	283.893466317948	186.373195824391	2.627105939512904e-06	-0.01
ENSG00000165025|ENSMUSG00000021457	human	mir197	SYK	-0.623747130852695	1.50285578565042e-06	196.395223548478	238.414485972134	154.375961124821	3.068989709644016e-06	-0.5
ENSG00000067955|ENSMUSG00000031885	human	mir197	CBFB	-0.585702826116869	2.05889761601033e-06	256.881598013656	308.521434239944	205.241761787369	4.11779523202066e-06	-0.2
ENSG00000157851|ENSMUSG00000029168	human	mir197	DPYSL5	-0.634846276772202	2.3769498345751e-06	198.515953920174	241.718746038712	155.313161801635	4.65576482612742e-06	-0.034
ENSG00000145391|ENSMUSG00000037111	human	mir197	SETD7	0.533290909321801	2.87817984013035e-06	308.562077424381	251.990113267226	365.134041581535	5.528385039458296e-06	-0.059
ENSG00000185070|ENSMUSG00000047414	human	mir197	FLRT2	0.595040779399605	3.98677799433696e-06	237.122255222137	188.699905026485	285.544605417789	7.366046960965432e-06	-0.01
ENSG00000146021|ENSMUSG00000014164	human	mir197	KLHL3	-0.607929383586319	4.81427542091611e-06	186.740820804917	225.721263511655	147.760378098179	8.728686277175003e-06	-0.13
ENSG00000103034|ENSMUSG00000036564	human	mir197	NDRG4	-0.875541751625968	7.10246900735273e-06	86.9699471233743	112.873331299389	61.0665629473595	1.2413324211048915e-05	-0.3
ENSG00000107882|ENSMUSG00000025231	human	mir197	SUFU	-0.840560701869439	7.44610220493382e-06	102.911480892036	132.354356108928	73.4686056751441	1.2897712747831796e-05	-0.03
ENSG00000137040|ENSMUSG00000074909	human	mir197	RANBP6	-0.513093604800268	8.20693516141109e-06	265.484069201061	312.378265647851	218.589872754271	1.4089782489502223e-05	-0.199
ENSG00000186469|ENSMUSG00000043004	human	mir197	GNG2	-0.610746690615216	1.20275479484943e-05	178.607440074953	216.066932158905	141.147947991	1.9774104254304192e-05	-0.1
	human	mir197	AKAP5	-0.645192237756067	1.35935611616673e-05	152.574192468566	186.353278001448	118.795106935684	2.197625721136213e-05	-0.38
ENSG00000083799|ENSMUSG00000036712	human	mir197	CYLD	-0.509663535754072	1.92026580678388e-05	262.456726072797	308.51463495531	216.398817190284	3.078773276992337e-05	-0.26
ENSG00000156239|ENSMUSG00000044442	human	mir197	N6AMT1	-0.602801835610679	2.20091124101391e-05	170.066181883876	205.293486793566	134.838876974185	3.471355941111371e-05	-0.149
ENSG00000152932|ENSMUSG00000021700	human	mir197	RAB3C	-0.648773957140855	2.37863209177533e-05	138.675073748517	169.561957640176	107.788189856857	3.691637006435312e-05	-0.01
ENSG00000181904|ENSMUSG00000045767	human	mir197	C5orf24	0.549629158243106	2.74800996815207e-05	201.385854612909	163.293608875824	239.478100349994	4.231062966837314e-05	-0.1
ENSG00000048052|ENSMUSG00000004698	human	mir197	HDAC9	-0.655290201050487	2.84188957351199e-05	138.802946687221	170.018243311608	107.587650062834	4.30723888485411e-05	-0.01
ENSG00000130589|ENSMUSG00000027580	human	mir197	HELZ2	-0.601776098810933	3.98919280236264e-05	151.105459688337	182.376439060705	119.83448031597	5.953103105064248e-05	-0.015
ENSG00000213949|ENSMUSG00000042284	human	mir197	ITGA1	0.524367054998025	4.36850234843974e-05	244.359798347328	200.254607271888	288.464989422769	6.469385157231371e-05	-0.02
ENSG00000157214|ENSMUSG00000015653	human	mir197	STEAP2	-0.502673006664652	6.80152687817243e-05	249.221362323528	292.377504880835	206.065219766221	9.774046032336678e-05	-0.15
ENSG00000145920|ENSMUSG00000025867	human	mir197	CPLX2	0.608460421134413	0.000100164349893	130.264282572747	102.986892168614	157.54167297688	0.0001378147792854	-0.099
ENSG00000152779|ENSMUSG00000009378	human	mir197	SLC16A12	-0.56189050408949	0.0001048058181734	182.999782887084	218.385069899878	147.61449587429	0.0001421841169625	-0.45
ENSG00000136379|ENSMUSG00000038459	human	mir197	ABHD17C	-0.511649374943483	0.0001651327774014	194.536602449553	228.851058453036	160.22214644607	0.0002164578298369	-0.42
ENSG00000143479|ENSMUSG00000016526	human	mir197	DYRK3	-0.611317875810811	0.0003021515725829	123.218078070291	149.148910091342	97.2872460492412	0.0003831202946475	-0.0
ENSG00000155629|ENSMUSG00000025017	human	mir197	PIK3AP1	0.585101686685304	0.000322947456651	125.927173425652	100.535860970912	151.318485880393	0.0004068299129239	-0.02
ENSG00000185753|ENSMUSG00000044148	human	mir197	CXorf38	-0.614713165794315	0.0003470366314033	122.769712251644	148.746207821355	96.7932166819331	0.0004343555257563	-0.03
ENSG00000204439|ENSMUSG00000043311	human	mir197	C6orf47	-0.532664702179947	0.0004255323829894	135.398267709646	160.29621380328	110.500321616012	0.000525817084713	-0.502
ENSG00000178397|ENSMUSG00000083012	human	mir197	FAM220A	-0.625468987929234	0.0008207872566278	111.929993709175	136.033582525118	87.8264048932321	0.0009592332999144	-0.342
ENSG00000141639|ENSMUSG00000024558	human	mir197	MAPK4	-0.64019928510196	0.0011243535336119	83.5457348722083	102.002537455087	65.0889322893292	0.0012906780208325	-0.096
ENSG00000108963|ENSMUSG00000078789	human	mir197	DPH1	-0.541916839209976	0.0016307001708206	110.134364694923	130.76495465564	89.5037747342064	0.0018392780996464	-0.307
ENSG00000181135|ENSMUSG00000034429	human	mir197	ZNF707	-0.600001573916671	0.0016472781391959	86.3273921451345	104.229368162411	68.4254161278585	0.0018472367572485	-0.168
ENSG00000273274|ENSMUSG00000048485	human	mir197	ZBTB8B	-0.590112144726104	0.0021260053085093	102.473393089089	123.345293506939	81.6014926712384	0.0023434376696068	-0.01
ENSG00000064225|ENSMUSG00000022747	human	mir197	ST3GAL6	-0.600871241501826	0.0026698004270403	88.5162631472521	106.892799332637	70.1397269618672	0.0029097824878978	-0.02
ENSG00000176749|ENSMUSG00000048895	human	mir197	CDK5R1	-0.532305827681104	0.0029490489019059	111.130799320771	131.585514161839	90.6760844797026	0.0031608590440317	-0.084
ENSG00000142408|ENSMUSG00000053395	human	mir197	CACNG8	0.51592420441023	0.0030928125028673	125.912683772799	103.458758603243	148.366608942354	0.0032787192653347	-0.08
ENSG00000037757|ENSMUSG00000004996	human	mir197	MRI1	-0.505822177265172	0.0031881328095413	102.633163648721	120.616689632535	84.6496376649073	0.0033432311624379	-0.095
ENSG00000171130|ENSMUSG00000039347	human	mir197	ATP6V0E2	-0.529403442532343	0.0054971819219726	85.3110893361665	100.971869615669	69.6503090566642	0.0057029587853619	-0.12
ENSG00000104967|ENSMUSG00000030411	human	mir197	NOVA2	-0.522758882466807	0.0070830249566403	86.1660474673724	101.787755455365	70.5443394793803	0.0072704065692498	-0.03
ENSG00000179542|ENSMUSG00000046699	human	mir197	SLITRK4	-0.526373147598524	0.0085853805613718	87.3635096727633	103.306929934946	71.4200894105807	0.0087202294707127	-0.12
ENSG00000075651|ENSMUSG00000027695	human	mir197	PLD1	-0.538207933179015	0.0111580843910851	89.5005273551477	106.188376726038	72.8126779842576	0.0112158982998472	-0.507
ENSG00000155097|ENSMUSG00000022295	human	mir769	ATP6V1C1	-0.760817773639774	1.11018765639675e-22	607.151121058851	763.892170645814	450.410071471889	1.1434932860886524e-20	-0.37
ENSG00000025039|ENSMUSG00000028278	human	mir769	RRAGD	-0.825665564524479	1.25949836971968e-17	386.587308480883	494.5656502206	278.608966741167	4.3242777360375684e-16	-0.07
ENSG00000180011|ENSMUSG00000049090	human	mir769	ZADH2	-0.83083486055409	5.86950329647605e-17	356.677075501341	456.913459040903	256.44069196178	1.5113970988425829e-15	-0.31
ENSG00000108064|ENSMUSG00000003923	human	mir769	TFAM	-0.572876113819902	1.57892567118219e-16	787.084065585892	941.529141588363	632.638989583422	3.2525868826353118e-15	-0.59
ENSG00000101849|ENSMUSG00000025246	human	mir769	TBL1X	-0.582872060268851	3.91154734328357e-16	717.20935026339	860.351624938784	574.067075587996	6.714822939303462e-15	-0.303
ENSG00000110841|ENSMUSG00000016487	human	mir769	PPFIBP1	-0.802502362817052	1.7110887400569502e-15	345.835037681081	439.886253660615	251.783821701547	2.5177448603695127e-14	-0.68
ENSG00000134954|ENSMUSG00000032035	human	mir769	ETS1	-0.509442256934784	2.6676624930206505e-14	761.530848353355	894.780969109722	628.280727596987	3.434615459764088e-13	-0.26
ENSG00000133056|ENSMUSG00000026447	human	mir769	PIK3C2B	-0.753232756980352	4.8594495393067405e-14	339.856390991638	426.869499329232	252.843282654044	5.260439858363615e-13	-0.15
ENSG00000133895|ENSMUSG00000024947	human	mir769	MEN1	-0.786596806814923	5.10722316345982e-14	314.647713325807	398.627425401201	230.668001250413	5.260439858363615e-13	-0.311
ENSG00000198720|ENSMUSG00000037907	human	mir769	ANKRD13B	-0.894068305033873	1.9734109270524695e-11	204.00077163253	265.564583959991	142.436959305068	1.6938443790533701e-10	-0.04
ENSG00000104164|ENSMUSG00000005804	human	mir769	BLOC1S6	-0.640184913358671	6.21429257303982e-11	377.316826919915	459.90369280604	294.72996103379	4.5719438215935816e-10	-0.51
ENSG00000071205|ENSMUSG00000037148	human	mir769	ARHGAP10	-0.688043317606969	3.65293247150065e-10	278.167686881456	343.50364582802	212.831727934892	2.3515752785285436e-09	-0.43
ENSG00000106348|ENSMUSG00000003500	human	mir769	IMPDH1	-0.704368897392634	9.7023859371806e-10	247.85405819333	307.424586864172	188.283529522489	5.551920841831122e-09	-0.15
ENSG00000237190|ENSMUSG00000020392	human	mir769	CDKN2AIPNL	-0.868278425162911	7.418792231371931e-09	154.306172861445	199.679877867063	108.932467855827	3.322328694918734e-08	-1.17
ENSG00000163590|ENSMUSG00000027784	human	mir769	PPM1L	-0.554391998198025	7.893249686013721e-09	447.07533086187	532.123457451149	362.02720427259	3.3875196569142216e-08	-0.02
ENSG00000134769|ENSMUSG00000024302	human	mir769	DTNA	-0.637242308368798	1.43163655857022e-08	299.787922338681	365.157967453159	234.417877224203	4.9201029254375824e-08	-0.244
ENSG00000168505|ENSMUSG00000034486	human	mir769	GBX2	0.503283310728158	1.46758189687476e-08	410.497882126346	339.441633085049	481.554131167642	4.9201029254375824e-08	-0.0
ENSG00000111052|ENSMUSG00000019906	human	mir769	LIN7A	-0.800640036926786	2.0494100069473e-08	160.041575692113	203.614885405921	116.468265978304	6.596538459861622e-08	-0.12
ENSG00000163683|ENSMUSG00000037822	human	mir769	SMIM14	0.581191810568898	7.09729585917044e-08	376.889991500886	301.786198290911	451.993784710861	2.215216586347137e-07	-0.08
ENSG00000150593|ENSMUSG00000024975	human	mir769	PDCD4	0.615536730881222	8.02919481147097e-08	249.827183615195	197.115730419419	302.538636810972	2.432373722298559e-07	-0.278
ENSG00000078725|ENSMUSG00000028351	human	mir769	BRINP1	-0.802827037538447	8.79063248808478e-08	145.223977401435	184.890759295211	105.557195507659	2.586957560779235e-07	-0.162
ENSG00000154127|ENSMUSG00000032020	human	mir769	UBASH3B	-0.665397418891517	1.69189014937838e-07	207.798877176686	255.114023012873	160.483731340499	4.84068570516592e-07	-0.039
ENSG00000105514|ENSMUSG00000019066	human	mir769	RAB3D	-0.729103122408544	4.44047778195184e-07	159.337175750031	199.011591365272	119.66276013479	1.1727415680539476e-06	-0.36
ENSG00000196372|ENSMUSG00000033781	human	mir769	ASB13	-0.789391526836043	9.02381808120183e-07	127.545851888128	161.86180619779	93.2298975784648	2.2129839580090203e-06	-0.265
ENSG00000134265|ENSMUSG00000024581	human	mir769	NAPG	-0.517222255803658	1.26230811647364e-06	276.644472924153	325.887484056721	227.401461791584	2.954948545381476e-06	-0.092
ENSG00000167654|ENSMUSG00000034958	human	mir769	ATCAY	0.501058927790273	1.70010062540952e-06	339.40238787265	280.877330120111	397.927445625189	3.8913414314929016e-06	-0.01
ENSG00000100324|ENSMUSG00000022414	human	mir769	TAB1	-0.549085627485971	3.00351616470634e-06	254.134299312447	302.108284034624	206.160314590269	6.447627516510759e-06	-0.29
ENSG00000177570|ENSMUSG00000058656	human	mir769	SAMD12	-0.642062850574135	6.41941210617914e-06	188.840619565324	230.400630321125	147.280608809523	1.2475461262951916e-05	-0.01
ENSG00000076067|ENSMUSG00000040043	human	mir769	RBMS2	-0.516917266750737	7.93910118344765e-06	257.797064907059	303.670805462447	211.923324351671	1.5143100405464964e-05	-0.01
ENSG00000197971|ENSMUSG00000041607	human	mir769	MBP	-0.506147101831255	9.4042768932409e-06	269.988162600211	317.04249999089	222.933825209531	1.761164581825114e-05	-0.21
ENSG00000170653|ENSMUSG00000099083	human	mir769	ATF7	-0.534626993123325	9.71848850845422e-06	215.953485274451	255.698477742735	176.208492806167	1.7875077078049727e-05	-0.067
ENSG00000116544|ENSMUSG00000042388	human	mir769	DLGAP3	0.596431405818482	1.39020085599552e-05	175.124531949397	139.228102218152	211.020961680642	2.468804968405837e-05	-0.0
ENSG00000134762|ENSMUSG00000059898	human	mir769	DSC3	-0.7932175505644	1.92644415582253e-05	106.00798963393	134.706038320308	77.3099409475511	3.363114373724078e-05	-0.49
ENSG00000166946|ENSMUSG00000023572	human	mir769	CCNDBP1	-0.559034042663236	2.84386531637887e-05	175.848478233226	209.689854106956	142.007102359496	4.80193651782006e-05	-0.29
ENSG00000049130|ENSMUSG00000019966	human	mir769	KITLG	-0.542805151746709	4.06900209924104e-05	187.441390279829	222.478994938536	152.403785621121	6.548550253466049e-05	-0.15
ENSG00000130635|ENSMUSG00000026837	human	mir769	COL5A1	-0.568358157549157	4.15891175234798e-05	176.193016899221	210.651610677921	141.73442312052	6.590275546028338e-05	-0.23
ENSG00000134897|ENSMUSG00000041684	human	mir769	BIVM	-0.785431875726519	5.72958496392252e-05	83.3748709051902	105.791586017246	60.9581557931341	8.941625019454841e-05	-0.294
ENSG00000140577|ENSMUSG00000030527	human	mir769	CRTC3	-0.699625930793208	6.03721268697946e-05	109.499978170171	135.780096433145	83.2198599071961	9.281088160580365e-05	-0.198
ENSG00000164118|ENSMUSG00000038215	human	mir769	CEP44	-0.53222581511794	7.85340017244283e-05	177.896829029778	210.526096718899	145.267561340657	0.0001172319156176	-0.39
ENSG00000179331|ENSMUSG00000055069	human	mir769	RAB39A	-0.607264603608459	0.0001018099284715	127.403118029774	154.03502216209	100.771213897457	0.000149806037608	-0.315
ENSG00000107021|ENSMUSG00000039678	human	mir769	TBC1D13	-0.518690036925836	0.0001140794847918	177.883593574472	209.698506252151	146.068680896793	0.0001654955906134	-0.15
ENSG00000148680|ENSMUSG00000024798	human	mir769	HTR7	-0.64225453237639	0.0001700420178346	111.002294681654	135.528981221313	86.4756081419941	0.0002366801059049	-1.68
ENSG00000069702|ENSMUSG00000029287	human	mir769	TGFBR3	-0.631324844119965	0.0001754712515953	110.819316249274	134.90234722266	86.7362852758887	0.0002409805188575	-0.072
ENSG00000140848|ENSMUSG00000034361	human	mir769	CPNE2	0.530717541844659	0.0002633365071381	147.623168454107	120.590672390833	174.655664517381	0.0003568902662529	-0.042
ENSG00000158747|ENSMUSG00000041120	human	mir769	NBL1	-0.594331587234766	0.0002674683636594	116.386586861358	140.229582333379	92.5435913893364	0.0003577823565833	-0.204
ENSG00000196338|ENSMUSG00000031302	human	mir769	NLGN3	0.503788003810971	0.000274882162803	164.635096846915	136.005606386495	193.264587307334	0.0003629854201116	-0.101
ENSG00000145087|ENSMUSG00000022829	human	mir769	STXBP5L	-0.663254676010442	0.0002925570140973	108.711586195348	133.49562226204	83.927550128657	0.0003814350943293	-0.15
ENSG00000165959|ENSMUSG00000021097	human	mir769	CLMN	-0.575482097219794	0.000560137249828	124.050888422195	148.666368747591	99.4354080967989	0.0006631509969228	-0.01
ENSG00000204991|ENSMUSG00000010154	human	mir769	SPIRE2	-0.578687895537049	0.0009716503034207	101.337557748623	121.591333931217	81.0837815660292	0.0011119997916925	-0.17
ENSG00000174206|ENSMUSG00000053684	human	mir769	C12orf66	-0.57323521476625	0.0011913416222906	107.983944140924	129.355156593938	86.6127316879096	0.001333784642347	-0.179
ENSG00000184156|ENSMUSG00000056258	human	mir769	KCNQ3	-0.522502272441188	0.0020248128890796	107.042702482128	126.396578603354	87.6888263609017	0.0022186779529276	-0.04
ENSG00000107882|ENSMUSG00000025231	human	mir769	SUFU	-0.500973688497507	0.0052836467023685	111.643663304918	131.007151522826	92.2801750870104	0.0054971273772116	-0.06
ENSG00000115561|ENSMUSG00000053119	human	mir769	CHMP3	-0.542960332747137	0.0055810834314445	87.7642416541762	104.273114206283	71.2553691020692	0.0057485159343878	-0.05
	human	mir769	ZNF385D	-0.512156041477708	0.0068842437278908	89.3550518848772	105.22671571375	73.4833880560043	0.0069517363134583	-0.02
ENSG00000168936|ENSMUSG00000019295	human	mir769	TMEM129	-0.513835075110503	0.008395544709716	87.2126639307915	102.75774110614	71.6675867554427	0.008395544709716	-0.43
ENSG00000198879|ENSMUSG00000061186	mouse	mir197	Sfmbt2	-1.02856242932655	3.36970451662669e-63	727.006732388588	976.060169438978	477.953295338198	3.639280877956825e-61	-0.03
ENSG00000171444|ENSMUSG00000071856	mouse	mir197	Mcc	1.42429504343428	8.31370901440374e-48	241.195010763402	130.490756308267	351.899265218536	4.48940286777802e-46	-0.021
ENSG00000162433|ENSMUSG00000028527	mouse	mir197	Ak4	-1.08297867885977	1.4033254397860798e-36	319.110320456114	433.916786340405	204.303854571823	5.051971583229888e-35	-0.37
ENSG00000134343|ENSMUSG00000074968	mouse	mir197	Ano3	1.13200603287807	3.56059167054218e-35	263.135507029843	164.517484033334	361.753530026352	1.09869685833873e-33	-0.285
ENSG00000120594|ENSMUSG00000026748	mouse	mir197	Plxdc2	1.12335111931681	4.5308500436282697e-29	221.307344938583	138.880858583851	303.733831293315	1.2233295117796327e-27	-0.04
ENSG00000038427|ENSMUSG00000021614	mouse	mir197	Vcan	0.683627507711976	2.03773675939854e-28	720.8649874229	552.965466793349	888.764508052451	4.4015114003008455e-27	-0.01
ENSG00000049245|ENSMUSG00000028955	mouse	mir197	Vamp3	-1.26019675545708	3.77261504536386e-24	149.355123717507	211.143210807533	87.5670366274807	5.432565665323959e-23	-0.33
ENSG00000114573|ENSMUSG00000052459	mouse	mir197	Atp6v1a	-0.65481113061849	3.1655104666631e-20	512.57329680227	627.163268236327	397.983325368214	3.255953622853474e-19	-0.297
ENSG00000066427|ENSMUSG00000021189	mouse	mir197	Atxn3	-0.66843196591145	2.52206323125429e-19	449.976915837828	552.620963871223	347.332867804433	2.4762075361405763e-18	-0.225
ENSG00000154639|ENSMUSG00000022865	mouse	mir197	Cxadr	-0.863843222157125	2.9212084787100504e-19	250.528827038156	323.660815517272	177.39683855904	2.7433957887016124e-18	-0.4
ENSG00000181467|ENSMUSG00000036894	mouse	mir197	Rap2b	0.767658185798534	1.34579862478455e-17	285.324311589126	210.895569325721	359.75305385253	8.808863725862507e-17	-0.02
ENSG00000188158|ENSMUSG00000059493	mouse	mir197	Nhs	0.848908777807972	3.59149923288653e-17	258.139925741966	184.02474303024	332.255108453692	2.154899539731918e-16	-0.033
ENSG00000171365|ENSMUSG00000004317	mouse	mir197	Clcn5	-0.5534376949721	9.2120414738582e-17	583.634730298231	694.41647043695	472.852990159513	5.102053739367618e-16	-0.06
ENSG00000168505|ENSMUSG00000034486	mouse	mir197	Gbx2	0.658851257125073	2.78656505862462e-16	326.909692622574	253.309380644545	400.510004600604	1.4330906015783758e-15	-0.0
ENSG00000109189|ENSMUSG00000054814	mouse	mir197	Usp46	-0.692970123216165	4.19596719097347e-16	308.076790211105	380.911270050678	235.242310371532	2.107741658721557e-15	-0.01
ENSG00000173898|ENSMUSG00000067889	mouse	mir197	Sptbn2	-0.590792289368855	7.51309224315485e-16	472.991353428659	568.70862065918	377.274086198138	3.6882452830032905e-15	-0.156
ENSG00000104442|ENSMUSG00000027599	mouse	mir197	Armc1	-0.597911978187205	5.98023527886656e-15	435.06716397322	524.157663754765	345.976664191676	2.6361853474187286e-14	-0.54
ENSG00000256463|ENSMUSG00000024565	mouse	mir197	Sall3	0.66177831607045	1.13783820411505e-14	306.141254024304	236.906667898798	375.37584014981	4.819079452722565e-14	-0.043
ENSG00000104290|ENSMUSG00000007989	mouse	mir197	Fzd3	-0.781033006819983	4.18700955302084e-14	212.706823372886	269.181522477155	156.232124268618	1.7064038933066065e-13	-0.2
ENSG00000161267|ENSMUSG00000046598	mouse	mir197	Bdh1	-1.00002965283632	1.61409820445348e-13	114.689769484901	153.254082803829	76.1254561659731	6.45639281781392e-13	-0.539
ENSG00000083307|ENSMUSG00000022286	mouse	mir197	Grhl2	-1.28258069748779	4.03501517590072e-13	75.3112132928909	107.16157760528	43.4608489805018	1.5846605054446465e-12	-0.239
ENSG00000205476|ENSMUSG00000084883	mouse	mir197	Ccdc85c	-0.741104199644301	4.97780728414343e-13	235.795530295998	295.312714065786	176.278346526209	1.920011381026752e-12	-0.25
ENSG00000078902|ENSMUSG00000025139	mouse	mir197	Tollip	-0.614744975435735	5.58084631831497e-13	307.224526948298	371.917212697755	242.531841198841	2.114847025887778e-12	-0.196
ENSG00000006459|ENSMUSG00000042599	mouse	mir197	Kdm7a	-0.520863559810761	5.77845580214989e-13	460.495166765427	542.909879457501	378.080454073352	2.1519766435592688e-12	-0.04
ENSG00000112139|ENSMUSG00000043557	mouse	mir197	Mdga1	0.807584150276271	1.07353392380553e-12	168.160834755063	122.013622607437	214.308046902688	3.740053670032169e-12	-0.22
ENSG00000173068|ENSMUSG00000028487	mouse	mir197	Bnc2	0.652374043057508	1.12608164513607e-12	256.402509807224	199.176736617799	313.628282996648	3.86085135475224e-12	-0.0
ENSG00000065320|ENSMUSG00000020902	mouse	mir197	Ntn1	0.618389722344573	2.12703934632732e-12	312.602903891832	246.402777169253	378.80303061441	7.178757793854705e-12	-0.184
ENSG00000137573|ENSMUSG00000016918	mouse	mir197	Sulf1	0.623719918739175	4.23765397359498e-12	295.128774613907	232.094896874486	358.162652353328	1.40820501276387e-11	-0.02
ENSG00000139044|ENSMUSG00000041372	mouse	mir197	B4galnt3	-0.515991420706856	2.03989289030816e-11	388.628056498304	457.571481457221	319.684631539386	6.205871328261443e-11	-0.09
ENSG00000116199|ENSMUSG00000033557	mouse	mir197	Fam20b	-0.575441971599643	8.09645359123942e-11	285.200997563938	341.534036765421	228.867958362455	2.2712129554645647e-10	-0.05
ENSG00000173559|ENSMUSG00000026107	mouse	mir197	Nabp1	-0.536165284011664	9.12199023172607e-11	329.822492288165	390.598257698865	269.046726877464	2.526089602631835e-10	-0.01
ENSG00000118971|ENSMUSG00000000184	mouse	mir197	Ccnd2	0.664611572416763	1.25233135267104e-10	191.683302554977	148.069834130973	235.296770978981	3.2202806211541026e-10	-0.03
ENSG00000183723|ENSMUSG00000096188	mouse	mir197	Cmtm4	-0.935265691005203	1.39307493706872e-10	350.440477074851	460.527121255964	240.353832893737	3.540049251845217e-10	-0.09
ENSG00000104228|ENSMUSG00000022043	mouse	mir197	Trim35	0.506477606041541	1.650341046142e-10	475.822106547027	392.973829630269	558.670383463786	4.1450426275194415e-10	-0.309
ENSG00000046889|ENSMUSG00000048960	mouse	mir197	Prex2	0.567722348015383	2.60596402219875e-10	270.598727280344	217.838712643338	323.35874191735	6.185584931812417e-10	-0.05
ENSG00000163898|ENSMUSG00000044626	mouse	mir197	Liph	-0.575496994340957	3.0966757673311004e-10	251.561614703485	301.278032390995	201.845197015976	7.27045614938606e-10	-0.13
ENSG00000163785|ENSMUSG00000032547	mouse	mir197	Ryk	-0.503210726915017	3.96623237575033e-10	365.141770490087	428.357123085458	301.926417894716	9.2118945501298e-10	-0.285
ENSG00000007541|ENSMUSG00000025728	mouse	mir197	Pigq	-0.685805996384621	6.34236100197848e-10	199.118162217919	245.806798664086	152.429525771753	1.4420526067656335e-09	-0.48
ENSG00000108179|ENSMUSG00000021868	mouse	mir197	Ppif	-0.63362997754802	2.47537049927912e-09	213.209293141157	259.507680910423	166.91090537189	5.346800278442899e-09	-0.0
ENSG00000123607|ENSMUSG00000034848	mouse	mir197	Ttc21b	0.663947947049902	6.532607003162091e-09	154.377305690677	119.241879666601	189.512731714753	1.3311727478141618e-08	-0.01
ENSG00000122591|ENSMUSG00000028995	mouse	mir197	Fam126a	0.571007210687095	1.49131982062271e-08	204.238640670365	164.14476587616	244.332515464569	2.8506644358805788e-08	-0.41
ENSG00000035681|ENSMUSG00000028245	mouse	mir197	Nsmaf	0.572395584463806	1.79107586824979e-08	193.767209146633	155.628822435585	231.905595857682	3.3936174345785494e-08	-0.096
ENSG00000055163|ENSMUSG00000020340	mouse	mir197	Cyfip2	0.506500871871743	2.04331211128004e-08	256.323601181487	211.611377993628	301.035824369345	3.8378731829259886e-08	-0.03
ENSG00000050438|ENSMUSG00000023032	mouse	mir197	Slc4a8	0.513076100971027	2.79511177099523e-08	292.204428111816	240.609873966754	343.798982256877	5.116475784194658e-08	-0.02
ENSG00000124120|ENSMUSG00000017679	mouse	mir197	Ttpal	-0.592682850273291	5.81697968609989e-08	174.003574547474	209.453569577639	138.553579517309	1.0298914854078497e-07	-0.22
ENSG00000111843|ENSMUSG00000021361	mouse	mir197	Tmem14c	-0.684250019532109	5.87632243612209e-08	135.367991547067	167.113828724355	103.622154369779	1.0316553338847768e-07	-0.31
ENSG00000188167|ENSMUSG00000079260	mouse	mir197	Tmppe	-0.574094089190624	7.40268789812625e-08	211.877990615507	253.683237518467	170.072743712546	1.259039831492339e-07	-0.02
ENSG00000063660|ENSMUSG00000034220	mouse	mir197	Gpc1	0.606486167275985	7.56846762207864e-08	171.178932753355	135.512006100494	206.845859406215	1.275806071767682e-07	-0.013
ENSG00000110881|ENSMUSG00000023017	mouse	mir197	Asic1	-0.851450931297108	8.83972768842733e-08	97.5248643841769	125.783102201706	69.2666265666478	1.468754754384849e-07	-0.183
ENSG00000148444|ENSMUSG00000051154	mouse	mir197	Commd3	0.548956889363495	1.79964848216707e-07	180.42333817429	146.317346670941	214.529329677639	2.796576058619332e-07	-0.048
ENSG00000013588|ENSMUSG00000046733	mouse	mir197	Gprc5a	-0.77076473644965	1.98284082083306e-07	90.0493271271062	113.808576812701	66.2900774415111	3.037543385105964e-07	-0.223
ENSG00000147027|ENSMUSG00000025666	mouse	mir197	Tmem47	0.684853943376103	2.28381000831126e-07	132.253084914105	101.206005940678	163.300163887531	3.402089391691257e-07	-0.217
ENSG00000174032|ENSMUSG00000022003	mouse	mir197	Slc25a30	-0.610231573381138	3.9189684423073e-07	149.712966573886	181.120399704698	118.305533443074	5.643314556922512e-07	-0.086
ENSG00000149346|ENSMUSG00000027281	mouse	mir197	Slx4ip	-0.54458030911564	3.91539086809898e-07	170.914587279915	202.981399925795	138.847774634034	5.643314556922512e-07	-0.244
ENSG00000167291|ENSMUSG00000039976	mouse	mir197	Tbc1d16	0.507360961845451	6.60302058450416e-07	201.843020381754	166.538638175302	237.147402588206	9.383239777979596e-07	-0.0
ENSG00000153253|ENSMUSG00000057182	mouse	mir197	Scn3a	0.57887482968734	8.20865642318641e-07	152.821976788704	122.369268592361	183.274684985047	1.13658319705658e-06	-0.046
ENSG00000157869|ENSMUSG00000029128	mouse	mir197	Rab28	-0.691631436526148	9.32330507818415e-07	114.43442156811	141.586154877339	87.2826882588815	1.2826967496100486e-06	-0.55
ENSG00000119403|ENSMUSG00000026873	mouse	mir197	Phf19	-0.564005862052991	1.52817828563437e-06	175.345990416288	209.38384964952	141.308131183055	2.0250706116381835e-06	-0.28
ENSG00000163947|ENSMUSG00000021895	mouse	mir197	Arhgef3	-0.668458327997682	1.65647382984134e-06	114.795916418683	141.152507159978	88.4393256773873	2.181697239303228e-06	-0.52
ENSG00000163788|ENSMUSG00000038145	mouse	mir197	Snrk	-0.659355141734421	1.99788931306642e-06	100.850361792786	123.727870062396	77.9728535231763	2.584096357020041e-06	-0.11
ENSG00000171451|ENSMUSG00000038702	mouse	mir197	Dsel	0.500843418607309	2.65078879266644e-06	172.428433001777	142.623618591798	202.233247411757	3.328897553581111e-06	-0.043
ENSG00000153786|ENSMUSG00000031823	mouse	mir197	Zdhhc7	-0.690653913368975	5.72936471183049e-06	87.7094017312281	108.546656969254	66.8721464932022	6.875237654196587e-06	-0.253
ENSG00000044459|ENSMUSG00000038070	mouse	mir197	Cntln	0.512101973530694	6.44014965945185e-06	183.193012071907	150.841225789421	215.544798354392	7.601488122631692e-06	-0.18
ENSG00000107864|ENSMUSG00000039652	mouse	mir197	Cpeb3	-0.602809574486555	8.27291464566838e-06	108.429862038366	130.964808178413	85.894915898318	9.659186829537137e-06	-0.13
ENSG00000135541|ENSMUSG00000019986	mouse	mir197	Ahi1	0.533358945690455	1.66324478465883e-05	132.810486282354	108.353788605281	157.267183959427	1.8809469816037032e-05	-0.133
ENSG00000214046|ENSMUSG00000044600	mouse	mir197	Smim7	-0.56703904973609	2.21666132712948e-05	128.692208959401	153.8563021637	103.528115755102	2.480823039688952e-05	-0.08
ENSG00000221890|ENSMUSG00000022421	mouse	mir197	Nptxr	0.509572935152235	2.26478317278328e-05	158.292752640091	130.449798253089	186.135707027093	2.5216142542329303e-05	-0.058
ENSG00000130287|ENSMUSG00000002341	mouse	mir197	Ncan	-0.584177900942485	6.08268093293487e-05	103.63810972463	124.538414960695	82.7378044885656	6.472212224206561e-05	-0.023
ENSG00000198517|ENSMUSG00000018143	mouse	mir197	Mafk	-0.511784907876185	0.0002145179490092	124.437888405739	146.456525720432	102.419251091046	0.0002206470332666	-0.02
ENSG00000038427|ENSMUSG00000021614	mouse	mir769	Vcan	0.957800346210544	8.59820377366179e-51	777.529886976083	553.562719944173	1076.15277635196	4.900976150987221e-49	-0.04
ENSG00000110090|ENSMUSG00000024900	mouse	mir769	Cpt1a	-0.741868307601125	1.68632256989136e-21	537.938372198593	650.128407105288	388.351658989667	2.5632103062348674e-20	-0.15
ENSG00000156675|ENSMUSG00000031488	mouse	mir769	Rab11fip1	-0.595014192379802	4.27067759717572e-18	604.456776320947	707.004818573417	467.726053317655	4.636735676933639e-17	-0.03
ENSG00000163873|ENSMUSG00000001985	mouse	mir769	Grik3	-1.22351961663933	1.61061556524266e-17	156.536389273146	207.668914095068	88.3596895105834	1.6691834039787572e-16	-0.051
ENSG00000197905|ENSMUSG00000030353	mouse	mir769	Tead4	-0.978237548749136	1.73197279978818e-17	220.249168340531	279.427433403447	141.344814923309	1.7169121667465441e-16	-0.313
ENSG00000116675|ENSMUSG00000028528	mouse	mir769	Dnajc6	-1.18169332143392	7.18062305879327e-17	144.929634708678	190.922439950331	83.6058943864735	6.296854066941791e-16	-0.051
ENSG00000138439|ENSMUSG00000041040	mouse	mir769	Fam117b	-0.631413132142241	1.02841575321593e-16	481.548558331454	567.982592655367	366.303179232903	8.651534841558837e-16	-0.224
ENSG00000173068|ENSMUSG00000028487	mouse	mir769	Bnc2	0.78426664678524	2.7870175162473604e-15	261.42392988149	199.396820553292	344.126742319087	1.925575738498176e-14	-0.0
ENSG00000256463|ENSMUSG00000024565	mouse	mir769	Sall3	0.718615970906958	7.75226313429749e-15	303.067903268445	237.169531740137	390.932398639521	5.0500456989137934e-14	-0.125
ENSG00000198792|ENSMUSG00000009035	mouse	mir769	Tmem184b	-0.754309547402358	1.14878821551104e-14	308.893507206059	374.401620219012	221.549356522121	7.079019273959923e-14	-0.047
ENSG00000109189|ENSMUSG00000054814	mouse	mir769	Usp46	-0.759736750122751	1.22129848761815e-14	314.251400528821	381.333953648757	224.807996368906	7.327790925708902e-14	-0.165
ENSG00000143315|ENSMUSG00000050229	mouse	mir769	Pigm	-0.604169482480661	1.79761704931885e-14	485.368203257704	568.942071885647	373.936378420447	1.0509145826787125e-13	-0.35
ENSG00000129244|ENSMUSG00000041329	mouse	mir769	Atp1b2	-0.925811146317091	2.89628538032888e-14	218.770896131231	274.740090466813	144.145303683788	1.6106172358902065e-13	-0.113
ENSG00000224470|ENSMUSG00000069895	mouse	mir769	Atxn1l	-0.698523758060195	5.38120775335865e-14	367.238931703059	439.732710162572	270.580560423708	2.853291552943656e-13	-0.068
ENSG00000133687|ENSMUSG00000030306	mouse	mir769	Tmtc1	0.756681941471539	5.53007440370486e-14	267.737729498758	206.432511414956	349.478020277161	2.8655840091925184e-13	-0.027
ENSG00000151151|ENSMUSG00000060733	mouse	mir769	Ipmk	-0.504861658742581	7.53927655817174e-13	693.994322002196	794.684325214354	559.740984385985	3.4379101105263134e-12	-0.228
ENSG00000116005|ENSMUSG00000029998	mouse	mir769	Pcyox1	-0.634045366146281	3.23603642062622e-11	302.806889957034	357.437884878259	229.9655633954	1.2095349244307834e-10	-0.07
ENSG00000130829|ENSMUSG00000031383	mouse	mir769	Dusp9	-0.50973400693893	1.05348736473832e-10	534.776194063528	613.114805147498	430.324712618234	3.6918504573865455e-10	-0.095
ENSG00000077522|ENSMUSG00000052374	mouse	mir769	Actn2	0.757392473692487	1.068693553454e-10	193.746086710071	149.2786754773	253.035968353765	3.6918504573865455e-10	-0.097
ENSG00000136100|ENSMUSG00000031479	mouse	mir769	Vps36	-0.511135184787422	1.59212471767793e-10	444.554736318275	509.872706765429	357.464109055402	5.260933849718378e-10	-0.53
ENSG00000113070|ENSMUSG00000024486	mouse	mir769	Hbegf	-0.83158316001627	2.2242593660423e-10	171.303428897767	211.131520474095	118.199306795998	7.043487992467284e-10	-0.08
ENSG00000122591|ENSMUSG00000028995	mouse	mir769	Fam126a	0.660632439464237	1.42041360836928e-09	205.472604941735	164.32307084319	260.338650406461	3.853089464112958e-09	-0.02
ENSG00000214338|ENSMUSG00000038916	mouse	mir769	Soga3	0.655941872584165	1.7985212037674597e-09	237.827092741553	190.566690835551	300.840961949555	4.76817249370908e-09	-0.02
ENSG00000050438|ENSMUSG00000023032	mouse	mir769	Slc4a8	0.587928587643917	1.8621779437823398e-09	293.006127237099	240.859173975229	362.535398252927	4.880190473360615e-09	-0.208
ENSG00000101350|ENSMUSG00000027475	mouse	mir769	Kif3b	-0.560336351639242	2.5391465997603302e-09	304.4907957788	353.372296484371	239.315461504704	6.292667660275601e-09	-0.099
ENSG00000124831|ENSMUSG00000026305	mouse	mir769	Lrrfip1	0.523802571861495	4.5451594586907e-09	375.709610270707	316.201696980796	455.053494657256	1.0794753714390414e-08	-0.195
ENSG00000196422|ENSMUSG00000035829	mouse	mir769	Ppp1r26	-0.637861736847112	4.6620879804997206e-09	227.379327647855	268.678953913447	172.313159293733	1.0958309892308622e-08	-0.076
ENSG00000148154|ENSMUSG00000028381	mouse	mir769	Ugcg	-0.543048521677602	2.14961585416075e-08	298.52326920421	345.043509943832	236.496281551382	4.62370202593067e-08	-0.138
ENSG00000073417|ENSMUSG00000025584	mouse	mir769	Pde8a	-0.741087953878468	2.35163027163662e-08	154.094180870883	186.348531870339	111.088379538274	5.010950485356536e-08	-0.107
ENSG00000132359|ENSMUSG00000038807	mouse	mir769	Rap1gap2	-0.665554047953098	3.33739433601548e-08	194.540688272412	231.338466957024	145.476983359598	6.793981326888655e-08	-0.02
ENSG00000135956|ENSMUSG00000034850	mouse	mir769	Tmem127	-0.524786133344333	1.29619762702638e-07	272.537782507214	313.659953911072	217.708220635403	2.437244983413855e-07	-0.361
ENSG00000198689|ENSMUSG00000060681	mouse	mir769	Slc9a6	-0.586883674168839	1.38526148365302e-07	212.598019703545	248.308280289115	164.984338922785	2.5470936957491014e-07	-0.32
ENSG00000114790|ENSMUSG00000036885	mouse	mir769	Arhgef26	-0.522978066089283	3.54435113379751e-07	249.129603344709	286.609126632027	199.156905628286	6.216246603891018e-07	-0.076
ENSG00000129472|ENSMUSG00000022159	mouse	mir769	Rab2b	-0.683533410006233	4.43326690697115e-07	145.702004259187	174.004914926157	107.964790036561	7.599886126236257e-07	-0.393
ENSG00000167778|ENSMUSG00000036966	mouse	mir769	Spryd3	-0.65715536712477	6.48557955335735e-07	149.824272655695	177.871830040994	112.427529475296	1.0953423245670192e-06	-0.131
ENSG00000160209|ENSMUSG00000032788	mouse	mir769	Pdxk	-0.6608935022442	7.51759706308967e-07	158.305554539816	188.088014116801	118.595608437169	1.242037775640902e-06	-0.02
ENSG00000079337|ENSMUSG00000022469	mouse	mir769	Rapgef3	-0.637061743258996	8.40073583784572e-07	154.647708331456	182.761554925824	117.162579538965	1.348850542978045e-06	-0.062
ENSG00000136044|ENSMUSG00000020263	mouse	mir769	Appl2	-0.565073106876704	8.79796348488707e-07	205.961888611973	239.343407983597	161.453196116475	1.4027522199680085e-06	-0.33
ENSG00000181722|ENSMUSG00000022708	mouse	mir769	Zbtb20	0.700964482629772	9.30621435698498e-07	139.074862423966	109.459507771963	178.562001959969	1.4734839398559552e-06	-0.0
ENSG00000074590|ENSMUSG00000020032	mouse	mir769	Nuak1	-0.671978707483112	9.41459962137981e-07	146.6924673044	174.736623749768	109.300258710575	1.4803646301204115e-06	-0.03
ENSG00000175643|ENSMUSG00000037991	mouse	mir769	Rmi2	-0.788655915190902	3.69812340304069e-06	95.4060084974896	116.636969641588	67.0980603053586	5.30296940813382e-06	-0.31
ENSG00000103005|ENSMUSG00000031792	mouse	mir769	Usb1	-0.772865420626568	4.50131332421617e-06	90.9140097148758	110.783304679495	64.4216164287163	6.414371487008042e-06	-0.225
ENSG00000197324|ENSMUSG00000022175	mouse	mir769	Lrp10	-0.599978011290707	7.2850281613322e-06	157.456643250446	184.506326937447	121.390398334444	1.0127965980388669e-05	-0.098
ENSG00000008283|ENSMUSG00000019590	mouse	mir769	Cyb561	-0.616793783016808	9.2692634985528e-06	136.735504053828	160.868863008633	104.557692114087	1.2579714748035944e-05	-0.19
ENSG00000137486|ENSMUSG00000018909	mouse	mir769	Arrb1	-0.627614523759178	2.08370506322543e-05	137.417144370153	162.070154957918	104.546463586466	2.6993451955420345e-05	-0.083
ENSG00000196935|ENSMUSG00000020121	mouse	mir769	Srgap1	-0.609330365995068	3.62602941661503e-05	126.528046075645	148.618021480348	97.0747455360424	4.517675994471185e-05	-0.09
ENSG00000123643|ENSMUSG00000020261	mouse	mir769	Slc36a1	-0.685236057387362	7.94007449316104e-05	93.5599861527047	111.845615754659	69.1791466834323	9.578502563178396e-05	-0.341
ENSG00000166821|ENSMUSG00000030545	mouse	mir769	Pex11a	-0.715475835522668	9.06084558930515e-05	84.5950934001351	101.82552729836	61.6211815358356	0.0001070400411586	-0.541
ENSG00000144815|ENSMUSG00000075033	mouse	mir769	Nxpe3	-0.629495181665704	0.0001067362696904	104.347779796671	123.163777065703	79.2597834379618	0.0001247993307149	-0.1
ENSG00000196968|ENSMUSG00000039357	mouse	mir769	Fut11	-0.632822719548733	0.0002745332356842	101.521238130194	119.923352027204	76.9850862675138	0.0003083427474679	-0.269
ENSG00000166924|ENSMUSG00000045348	mouse	mir769	Nyap1	-0.542431005339023	0.0002847110364711	112.589647009943	130.21265180064	89.0923072890136	0.0003182064525265	-0.02
ENSG00000137312|ENSMUSG00000059714	mouse	mir769	Flot1	-0.532855996110523	0.0003063968530845	115.23662923266	132.96707003147	91.5960415009134	0.0003407730853817	-0.33
ENSG00000095383|ENSMUSG00000039813	mouse	mir769	Tbc1d2	-0.569862872650966	0.000324951874546	108.69799947366	126.533728924875	84.9170268720395	0.0003571001427839	-0.26
ENSG00000105948|ENSMUSG00000056832	mouse	mir769	Ttc26	-0.521078405319295	0.0006609668824583	129.838633905879	149.375598322695	103.78934801679	0.0006944721161313	-0.27
ENSG00000099953|ENSMUSG00000000901	mouse	mir769	Mmp11	-0.533572664890179	0.0009811389059945	99.9510786912128	115.369631321552	79.3930085174277	0.0010031375361737	-0.177
